SaleID,Product,Category,Region,Sales_Amount,Quantity,Date,EmployeeID
1,Printer,Electronics,South,55505.0,1.0,2025-02-18,3012-1A41
2,Monitor,Electronics,North,57128.0,3.0258503401360546,2024-10-20,CBCB-9C9D
3,Table,Furniture,West,84278.0,5.0,2025-04-13,95D7-1CE9
4,Table,Electronics,North,29179.0,1.0,2025-03-03,47A0-559B
5,Phone,Electronics,West,86294.0,3.0,2024-10-29,42CC-040A
6,Monitor,Electronics,West,73438.0,4.0,2024-12-12,C219-6C2E
7,Monitor,Electronics,South,68651.0,4.0,2025-05-01,D906-B674
8,Phone,Electronics,South,98474.0,3.0,2024-09-17,3C7D-86ED
9,Chair,Furniture,North,31601.0,1.0,2024-09-12,3D71-8DC2
10,Table,Furniture,North,17570.0,3.0,2025-04-24,5476-CA0D
11,Printer,Electronics,South,90694.0,4.0,2024-10-01,73CF-4956
12,Phone,Electronics,West,75343.0,3.0,2024-11-04,277A-A6FA
13,Table,Furniture,North,80391.0,2.0,2024-12-03,8BAB-B4A6
14,Printer,Electronics,West,42236.0,3.0258503401360546,2024-09-27,111D-E5EF
15,Phone,Electronics,East,88386.0,3.0,2024-12-12,97F4-0B14
16,Laptop,Electronics,West,88130.0,5.0,2025-07-05,5C03-1009
17,Printer,Electronics,North,59952.0,3.0,2025-02-11,BD1B-53A3
18,Monitor,Electronics,East,37119.0,4.0,2024-10-14,DFA9-990E
19,Desk,Furniture,East,49546.0,3.0,2024-10-28,ED73-F078
20,Printer,Electronics,East,99418.0,1.0,2025-05-10,C6EC-FEB5
21,Laptop,Electronics,West,29796.0,3.0,2025-02-16,D7EE-56FC
22,Desk,Furniture,South,81938.0,3.0258503401360546,2024-08-02,C395-8C36
23,Printer,Electronics,South,99426.0,3.0258503401360546,2025-06-25,E348-E12B
24,Printer,Electronics,North,85370.0,3.0,2025-04-10,B3AF-7E58
25,Laptop,Electronics,North,17244.0,2.0,2024-12-24,469A-8121
26,Chair,Furniture,South,85307.0,5.0,2025-03-20,9E22-6287
27,Phone,Electronics,West,50177.0,3.0,2024-09-09,D5DA-363A
28,Desk,Furniture,North,25151.0,2.0,2024-11-02,BFF3-AADC
29,Laptop,Electronics,North,61098.0,5.0,2025-07-02,C0BE-FED0
30,Chair,Furniture,North,31391.0,3.0,2025-06-25,D565-284D
31,Headphones,Electronics,North,78352.0,5.0,2025-01-27,00D4-DD53
32,Table,Furniture,South,94066.0,1.0,2024-12-18,7FFD-C810
33,Headphones,Electronics,East,31510.0,4.0,2025-04-18,07B2-D67A
34,Printer,Electronics,West,75739.0,5.0,2025-02-21,1749-81A2
35,Printer,Electronics,West,48196.0,2.0,2024-12-30,FF14-A43E
36,Desk,Electronics,North,78982.0,5.0,2025-01-28,3CD6-5587
37,Printer,Electronics,North,78241.0,3.0,2024-09-22,4FC2-A40D
38,Phone,Electronics,East,46586.0,2.0,2025-06-14,9AAB-DCD0
39,Monitor,Electronics,East,66542.0,1.0,2025-05-05,427A-8C69
40,Printer,Electronics,West,83727.0,3.0,2025-03-13,A923-9EF6
41,Printer,Electronics,North,29253.0,5.0,2024-07-19,5C61-8F3A
42,Headphones,Electronics,North,33862.0,3.0,2024-10-03,CF2F-8CA3
43,Laptop,Electronics,South,23067.0,4.0,2025-04-03,40A9-8EB0
44,Table,Furniture,East,16835.0,1.0,2025-01-05,2E72-4BF1
45,Desk,Furniture,South,24540.0,2.0,2024-11-28,EE39-C8F2
46,Desk,Furniture,West,35978.0,3.0,2024-08-16,C0C7-A3EF
47,Headphones,Electronics,East,66136.0,1.0,2025-02-13,79F3-8AA5
48,Headphones,Electronics,North,45013.0,3.0,2025-04-01,9528-AA17
49,Desk,Furniture,North,84584.0,5.0,2024-11-11,9C71-34AE
50,Printer,Electronics,South,14897.0,1.0,2024-11-14,C79A-E5E1
51,Printer,Electronics,South,55505.0,1.0,2024-11-15,5468-EEE1
52,Monitor,Electronics,North,57128.0,4.0,2024-11-16,B50B-5A18
53,Table,Furniture,West,84278.0,5.0,2024-11-17,E4F4-11B9
54,Table,Furniture,North,29179.0,1.0,2024-11-18,586E-5C14
55,Phone,Electronics,West,86294.0,3.0,2024-11-19,8A40-C85A
56,Monitor,Electronics,West,73438.0,4.0,2024-11-20,2B08-7D3D
57,Monitor,Electronics,South,68651.0,4.0,2024-11-21,C96F-0F3B
58,Phone,Electronics,South,98474.0,3.0,2024-11-22,9DFE-1FD5
59,Chair,Furniture,North,31601.0,1.0,2024-11-23,C0A1-EB7D
60,Table,Furniture,North,17570.0,3.0,2024-11-24,5731-90E6
61,Printer,Electronics,South,90694.0,4.0,2024-11-25,FD3F-5255
62,Phone,Electronics,West,75343.0,3.0,2024-11-26,132B-F2B2
63,Table,Furniture,North,80391.0,2.0,2024-11-27,9DB2-76B3
64,Printer,Electronics,West,42236.0,5.0,2024-11-28,4969-9A35
65,Phone,Electronics,East,88386.0,3.0,2024-11-29,0CED-EE28
66,Laptop,Electronics,West,88130.0,5.0,2024-11-30,D077-169C
67,Printer,Electronics,North,59952.0,3.0,2024-12-01,63DA-AA21
68,Monitor,Electronics,East,37119.0,4.0,2024-12-02,ACA9-5DC2
69,Desk,Furniture,East,49546.0,3.0,2024-12-03,12B5-11CC
70,Printer,Electronics,East,99418.0,1.0,2024-12-04,00A3-2445
71,Laptop,Electronics,West,29796.0,3.0,2024-12-05,076F-8AA3
72,Desk,Furniture,South,81938.0,2.0,2024-12-06,3F19-FC5A
73,Printer,Electronics,South,99426.0,2.0,2024-12-07,8233-2483
74,Printer,Electronics,North,85370.0,3.0,2024-12-08,11AE-3E4D
75,Laptop,Electronics,North,17244.0,2.0,2024-12-09,151D-1FF2
76,Chair,Furniture,South,85307.0,5.0,2024-12-10,D584-4E31
77,Phone,Electronics,West,50177.0,3.0,2024-12-11,0FC8-561B
78,Desk,Furniture,North,25151.0,2.0,2024-12-12,A531-8159
79,Laptop,Electronics,North,61098.0,5.0,2024-12-13,E7A6-33A3
80,Chair,Furniture,North,31391.0,3.0,2024-12-14,1C87-44CB
81,Headphones,Electronics,North,78352.0,5.0,2024-12-15,6345-2F33
82,Table,Electronics,South,94066.0,1.0,2024-12-16,A2FB-2D5D
83,Headphones,Electronics,East,31510.0,4.0,2024-12-17,E5C1-B122
84,Printer,Electronics,West,75739.0,5.0,2024-12-18,462E-03DF
85,Printer,Electronics,West,48196.0,2.0,2024-12-19,C2DD-9D37
86,Desk,Furniture,North,78982.0,5.0,2024-12-20,AEDB-BB62
87,Printer,Electronics,North,78241.0,3.0,2024-12-21,88B8-EB84
88,Phone,Electronics,East,46586.0,2.0,2024-12-22,8822-B9C5
89,Monitor,Electronics,East,66542.0,1.0,2024-12-23,E8F5-C47D
90,Printer,Electronics,West,83727.0,3.0,2024-12-24,D696-9D82
91,Printer,Electronics,North,29253.0,5.0,2024-12-25,BE93-0736
92,Headphones,Electronics,North,33862.0,3.0,2024-12-26,0322-D46B
93,Laptop,Electronics,South,23067.0,4.0,2024-12-27,1E61-70EC
94,Table,Furniture,East,16835.0,1.0,2024-12-28,5222-EBE1
95,Desk,Furniture,South,24540.0,2.0,2024-12-29,DEBE-1622
96,Desk,Electronics,West,35978.0,3.0,2024-12-30,A366-C17A
97,Headphones,Electronics,East,66136.0,1.0,2024-12-31,2962-039F
98,Headphones,Electronics,North,45013.0,3.0,2025-01-01,21CB-EF3E
99,Desk,Furniture,North,84584.0,5.0,2025-01-02,9727-BC84
100,Printer,Electronics,South,14897.0,1.0,2025-01-03,68FB-06A7
101,Printer,Electronics,South,55505.0,1.0,2025-01-04,74F2-5C55
102,Monitor,Electronics,North,57128.0,4.0,2025-01-05,085C-7FC2
103,Table,Furniture,West,84278.0,5.0,2025-01-06,AB5F-244C
104,Table,Furniture,North,29179.0,1.0,2025-01-07,55D6-1423
105,Phone,Electronics,West,86294.0,3.0,2025-01-08,58C8-63FA
106,Monitor,Electronics,West,73438.0,4.0,2025-01-09,87D2-8B67
107,Monitor,Electronics,South,68651.0,4.0,2025-01-10,9FE1-0345
108,Phone,Electronics,South,98474.0,3.0,2025-01-11,EBBD-37D4
109,Chair,Furniture,North,31601.0,1.0,2025-01-12,9F65-F612
110,Table,Furniture,North,17570.0,3.0,2025-01-13,152E-8DB1
111,Printer,Electronics,South,90694.0,4.0,2025-01-14,3994-472A
112,Phone,Electronics,West,75343.0,3.0,2025-01-15,02DA-7A72
113,Table,Furniture,North,80391.0,2.0,2025-01-16,E1B4-9AA1
114,Printer,Electronics,West,42236.0,5.0,2025-01-17,8567-5B27
115,Phone,Electronics,East,88386.0,3.0,2025-01-18,5237-1B85
116,Laptop,Electronics,West,88130.0,5.0,2025-01-19,F93D-CB5A
117,Printer,Electronics,North,59952.0,3.0,2025-01-20,B785-D8F8
118,Monitor,Electronics,East,37119.0,4.0,2025-01-21,A9EB-9E41
119,Desk,Electronics,East,49546.0,3.0,2025-01-22,C25C-C434
120,Printer,Electronics,East,99418.0,1.0,2025-01-23,F265-79B0
121,Laptop,Electronics,West,29796.0,3.0,2025-01-24,9E7A-1F70
122,Desk,Furniture,South,81938.0,2.0,2025-01-25,D199-1896
123,Printer,Electronics,South,99426.0,2.0,2025-01-26,9AAD-D3C1
124,Printer,Electronics,North,85370.0,3.0,2025-01-27,9D7B-9B37
125,Laptop,Electronics,North,17244.0,2.0,2025-01-28,E9B9-3944
126,Chair,Furniture,South,85307.0,5.0,2025-01-29,4CCA-B1E6
127,Phone,Electronics,West,50177.0,3.0,2025-01-30,A4A4-F49C
128,Desk,Furniture,North,25151.0,2.0,2025-01-31,FE2B-3DC7
129,Laptop,Electronics,North,61098.0,5.0,2025-02-01,C6D7-A568
130,Chair,Furniture,North,31391.0,3.0,2025-02-02,3560-C117
131,Headphones,Electronics,North,78352.0,5.0,2025-02-03,9169-FC4B
132,Table,Furniture,South,94066.0,1.0,2025-02-04,49B2-0364
133,Headphones,Electronics,East,31510.0,4.0,2025-02-05,4404-DE5A
134,Printer,Electronics,West,75739.0,5.0,2025-02-06,F9B6-C80B
135,Printer,Electronics,West,48196.0,2.0,2025-02-07,B1EC-849B
136,Desk,Furniture,North,78982.0,5.0,2025-02-08,7B98-EA6F
137,Printer,Electronics,North,78241.0,3.0,2025-02-09,C385-CDBE
138,Phone,Electronics,East,46586.0,2.0,2025-02-10,64D6-0D5F
139,Monitor,Electronics,East,66542.0,1.0,2025-02-11,9085-1FE8
140,Printer,Electronics,West,83727.0,3.0,2025-02-12,9728-1A5B
141,Printer,Electronics,North,29253.0,5.0,2025-02-13,3EB2-9111
142,Headphones,Electronics,North,33862.0,3.0,2025-02-14,C330-DAF4
143,Laptop,Electronics,South,23067.0,4.0,2025-02-15,041A-31B0
144,Table,Furniture,East,16835.0,1.0,2025-02-16,8EE9-E86D
145,Desk,Furniture,South,24540.0,2.0,2025-02-17,692B-7152
146,Desk,Furniture,West,35978.0,3.0,2025-02-18,022A-0219
147,Headphones,Electronics,East,66136.0,1.0,2025-02-19,2F85-AF81
148,Headphones,Electronics,North,45013.0,3.0,2025-02-20,DFE3-6FA7
149,Desk,Furniture,North,84584.0,5.0,2025-02-21,5B08-EF96
150,Printer,Electronics,South,14897.0,1.0,2025-02-22,52DD-757F
151,Printer,Electronics,South,55505.0,1.0,2025-02-23,E7D3-03C9
152,Monitor,Electronics,North,57128.0,4.0,2025-02-24,7C80-94E0
153,Table,Furniture,West,84278.0,5.0,2025-02-25,EE04-1533
154,Table,Furniture,North,29179.0,1.0,2025-02-26,67ED-A630
155,Phone,Electronics,West,86294.0,3.0,2025-02-27,D351-C7E4
156,Monitor,Electronics,West,73438.0,4.0,2025-02-28,86E2-73D1
157,Monitor,Electronics,South,68651.0,4.0,2025-03-01,8583-9174
158,Phone,Electronics,South,98474.0,3.0,2025-03-02,6176-3BEE
159,Chair,Furniture,North,31601.0,1.0,2025-03-03,AF58-5D1B
160,Table,Furniture,North,17570.0,3.0,2025-03-04,16FB-8835
161,Printer,Electronics,South,90694.0,4.0,2025-03-05,A71E-A9DC
162,Phone,Electronics,West,75343.0,3.0,2025-03-06,CC2F-670E
163,Table,Furniture,North,80391.0,2.0,2025-03-07,67D7-9785
164,Printer,Electronics,West,42236.0,5.0,2025-03-08,F662-DEA5
165,Phone,Electronics,East,88386.0,3.0,2025-03-09,59DB-8465
166,Laptop,Electronics,West,88130.0,5.0,2025-03-10,96F4-896C
167,Printer,Electronics,North,59952.0,3.0,2025-03-11,8026-658D
168,Monitor,Electronics,East,37119.0,4.0,2025-03-12,F997-FE6C
169,Desk,Furniture,East,49546.0,3.0,2025-03-13,0C23-26DD
170,Printer,Electronics,East,99418.0,1.0,2025-03-14,7B9D-8612
171,Laptop,Electronics,West,29796.0,3.0,2025-03-15,B3FE-D332
172,Desk,Furniture,South,81938.0,2.0,2025-03-16,1054-9C3B
173,Printer,Electronics,South,99426.0,2.0,2025-03-17,1217-CE30
174,Printer,Electronics,North,85370.0,3.0,2025-03-18,4500-37EB
175,Laptop,Electronics,North,17244.0,2.0,2025-03-19,AB03-8820
176,Chair,Furniture,South,85307.0,5.0,2025-03-20,DF11-9C46
177,Phone,Electronics,West,50177.0,3.0,2025-03-21,9937-CDF7
178,Desk,Furniture,North,25151.0,2.0,2025-03-22,2BEA-43B2
179,Laptop,Electronics,North,61098.0,5.0,2025-03-23,0DBC-596E
180,Chair,Furniture,North,31391.0,3.0,2025-03-24,B09D-DFEC
181,Headphones,Electronics,North,78352.0,5.0,2025-03-25,8ED3-4377
182,Table,Electronics,South,94066.0,1.0,2025-03-26,C525-8BB9
183,Headphones,Electronics,East,31510.0,4.0,2025-03-27,1F0F-458C
184,Printer,Electronics,West,75739.0,5.0,2025-03-28,9D3C-DA45
185,Printer,Electronics,West,48196.0,2.0,2025-03-29,D13E-E661
186,Desk,Furniture,North,78982.0,5.0,2025-03-30,618D-7685
187,Printer,Electronics,North,78241.0,3.0,2025-03-31,9825-45EF
188,Phone,Electronics,East,46586.0,2.0,2025-04-01,1609-65E1
189,Monitor,Electronics,East,66542.0,1.0,2025-04-02,6965-C170
190,Printer,Electronics,West,83727.0,3.0,2025-04-03,F523-1135
191,Printer,Electronics,North,29253.0,5.0,2025-04-04,465A-91D1
192,Headphones,Electronics,North,33862.0,3.0,2025-04-05,2B7A-9C73
193,Laptop,Electronics,South,23067.0,4.0,2025-04-06,A2B5-823F
194,Table,Furniture,East,16835.0,1.0,2025-04-07,F838-C681
195,Desk,Furniture,South,24540.0,2.0,2025-04-08,7F91-C628
196,Desk,Furniture,West,35978.0,3.0,2025-04-09,565B-C207
197,Headphones,Electronics,East,66136.0,1.0,2025-04-10,4DA0-81D7
198,Headphones,Electronics,North,45013.0,3.0,2025-04-11,5818-560C
199,Desk,Furniture,North,84584.0,5.0,2025-04-12,1363-6BF9
200,Printer,Electronics,South,14897.0,1.0,2025-04-13,05B0-755F
201,Printer,Electronics,South,55505.0,1.0,2025-04-14,4C62-5BE8
202,Monitor,Electronics,North,57128.0,4.0,2025-04-15,2523-EFD4
203,Table,Furniture,West,84278.0,5.0,2025-04-16,21B3-8491
204,Table,Furniture,North,29179.0,1.0,2025-04-17,F3CD-9B5B
205,Phone,Electronics,West,86294.0,3.0,2025-04-18,DCFE-F601
206,Monitor,Electronics,West,73438.0,4.0,2025-04-19,DD78-E811
207,Monitor,Electronics,South,68651.0,4.0,2025-04-20,45D2-369E
208,Phone,Electronics,South,98474.0,3.0,2025-04-21,0D8F-C0F3
209,Chair,Furniture,North,31601.0,1.0,2025-04-22,6FE1-C8A8
210,Table,Furniture,North,17570.0,3.0,2025-04-23,AB81-A3A0
211,Printer,Electronics,South,90694.0,4.0,2025-04-24,6E7B-D50D
212,Phone,Electronics,West,75343.0,3.0,2025-04-25,307F-9BFA
213,Table,Furniture,North,80391.0,2.0,2025-04-26,7F1C-20B8
214,Printer,Electronics,West,42236.0,5.0,2025-04-27,606E-A262
215,Phone,Electronics,East,88386.0,3.0,2025-04-28,F890-975A
216,Laptop,Electronics,West,88130.0,5.0,2025-04-29,9C57-828C
217,Printer,Electronics,North,59952.0,3.0,2025-04-30,8CF6-3079
218,Monitor,Electronics,East,37119.0,4.0,2025-05-01,5021-95FC
219,Desk,Furniture,East,49546.0,3.0,2025-05-02,CD0F-DE05
220,Printer,Electronics,East,99418.0,1.0,2025-05-03,F430-0404
221,Laptop,Electronics,West,29796.0,3.0,2025-05-04,1F12-DDDA
222,Desk,Furniture,South,81938.0,2.0,2025-05-05,BFE7-5EA8
223,Printer,Electronics,South,99426.0,2.0,2025-05-06,549F-B3E7
224,Printer,Electronics,North,85370.0,3.0,2025-05-07,B303-8962
225,Laptop,Electronics,North,17244.0,2.0,2025-05-08,B48C-47D0
226,Chair,Furniture,South,85307.0,5.0,2025-05-09,CD4D-7BBA
227,Phone,Electronics,West,50177.0,3.0,2025-05-10,7349-CCE0
228,Desk,Electronics,North,25151.0,2.0,2025-05-11,4316-C080
229,Laptop,Electronics,North,61098.0,5.0,2025-05-12,279C-7342
230,Chair,Furniture,North,31391.0,3.0,2025-05-13,819A-2C9C
231,Headphones,Electronics,North,78352.0,5.0,2025-05-14,9811-F345
232,Table,Furniture,South,94066.0,1.0,2025-05-15,A954-6310
233,Headphones,Electronics,East,31510.0,4.0,2025-05-16,8ACE-C5CE
234,Printer,Electronics,West,75739.0,5.0,2025-05-17,8365-EB74
235,Printer,Electronics,West,48196.0,2.0,2025-05-18,2A04-49D1
236,Desk,Furniture,North,78982.0,5.0,2025-05-19,52CC-3E9E
237,Printer,Electronics,North,78241.0,3.0,2025-05-20,5B0E-31FB
238,Phone,Electronics,East,46586.0,2.0,2025-05-21,ED49-73D3
239,Monitor,Electronics,East,66542.0,1.0,2025-05-22,B013-7D0C
240,Printer,Electronics,West,83727.0,3.0,2025-05-23,134B-4157
241,Printer,Electronics,North,29253.0,5.0,2025-05-24,AB4A-E71A
242,Headphones,Electronics,North,33862.0,3.0,2025-05-25,03EF-5904
243,Laptop,Electronics,South,23067.0,4.0,2025-05-26,0C7B-2EA6
244,Table,Furniture,East,16835.0,1.0,2025-05-27,1D35-190A
245,Desk,Furniture,South,24540.0,2.0,2025-05-28,0868-097F
246,Desk,Furniture,West,35978.0,3.0,2025-05-29,4B6E-3C21
247,Headphones,Electronics,East,66136.0,1.0,2025-05-30,46ED-4007
248,Headphones,Electronics,North,45013.0,3.0,2025-05-31,2E9A-BD2E
249,Desk,Furniture,North,84584.0,5.0,2025-06-01,CEE0-94C3
250,Printer,Electronics,South,14897.0,1.0,2025-06-02,A690-3D5D
251,Printer,Electronics,South,55505.0,1.0,2025-06-03,7335-4656
252,Monitor,Electronics,North,57128.0,4.0,2025-06-04,327B-F6D3
253,Table,Furniture,West,84278.0,5.0,2025-06-05,AA87-13D8
254,Table,Furniture,North,29179.0,1.0,2025-06-06,56A5-271B
255,Phone,Electronics,West,86294.0,3.0,2025-06-07,528C-3E0D
256,Monitor,Electronics,West,73438.0,4.0,2025-06-08,7A8C-2DD3
257,Monitor,Electronics,South,68651.0,4.0,2025-06-09,4886-62DF
258,Phone,Electronics,South,98474.0,3.0,2025-06-10,64BA-99F0
259,Chair,Furniture,North,31601.0,1.0,2025-06-11,7EE7-2C43
260,Table,Furniture,North,17570.0,3.0,2025-06-12,B990-35DA
261,Printer,Electronics,South,90694.0,4.0,2025-06-13,6CAD-47F0
262,Phone,Electronics,West,75343.0,3.0,2025-06-14,C730-6B13
263,Table,Furniture,North,80391.0,2.0,2025-06-15,38EB-ADBD
264,Printer,Electronics,West,42236.0,5.0,2025-06-16,774E-685D
265,Phone,Electronics,East,88386.0,3.0,2025-06-17,CF8D-7379
266,Laptop,Electronics,West,88130.0,5.0,2025-06-18,D836-B375
267,Printer,Electronics,North,59952.0,3.0,2025-06-19,60B5-48ED
268,Monitor,Electronics,East,37119.0,4.0,2025-06-20,211E-BC82
269,Desk,Furniture,East,49546.0,3.0,2025-06-21,C54B-DBC5
270,Printer,Electronics,East,99418.0,1.0,2025-06-22,6F3E-2A75
271,Laptop,Electronics,West,29796.0,3.0,2025-06-23,C1C6-F683
272,Desk,Furniture,South,81938.0,2.0,2025-06-24,8663-3E02
273,Printer,Electronics,South,99426.0,2.0,2025-06-25,FBC2-C5FA
274,Printer,Electronics,North,85370.0,3.0,2025-06-26,B52E-BF41
275,Laptop,Electronics,North,17244.0,2.0,2025-06-27,D6A7-EF72
276,Chair,Electronics,South,85307.0,5.0,2025-06-28,12F7-BCBB
277,Phone,Electronics,West,50177.0,3.0,2025-06-29,1359-BEE3
278,Desk,Furniture,North,25151.0,2.0,2025-06-30,1C24-233B
279,Laptop,Electronics,North,61098.0,5.0,2025-07-01,DE6C-86FC
280,Chair,Furniture,North,31391.0,3.0,2025-07-02,637B-DBAD
281,Headphones,Electronics,North,78352.0,5.0,2025-07-03,79F7-78EC
282,Table,Furniture,South,94066.0,1.0,2025-07-04,E324-1C33
283,Headphones,Electronics,East,31510.0,4.0,2025-07-05,81BE-17CD
284,Printer,Electronics,West,75739.0,5.0,2025-07-06,2C7D-F9F1
285,Printer,Electronics,West,48196.0,2.0,2025-07-07,0F83-39C1
286,Desk,Furniture,North,78982.0,5.0,2025-07-08,A91B-7DC5
287,Printer,Electronics,North,78241.0,3.0,2025-07-09,825E-0B3A
288,Phone,Electronics,East,46586.0,2.0,2025-07-10,D2BE-E6F6
289,Monitor,Electronics,East,66542.0,1.0,2025-07-11,C025-B8B6
290,Printer,Electronics,West,83727.0,3.0,2025-07-12,F4D2-F6F2
291,Printer,Electronics,North,29253.0,5.0,2025-07-13,F72D-261D
292,Headphones,Electronics,North,33862.0,3.0,2025-07-14,A807-DE5D
293,Laptop,Electronics,South,23067.0,4.0,2025-07-15,CBB3-0D7E
294,Table,Furniture,East,16835.0,1.0,2025-07-16,2551-DD9B
295,Desk,Furniture,South,24540.0,2.0,2025-07-17,D39D-4015
296,Desk,Furniture,West,35978.0,3.0,2025-07-18,0697-ADC3
297,Headphones,Electronics,East,66136.0,1.0,2025-07-19,6112-8476
298,Headphones,Electronics,North,45013.0,3.0,2025-07-20,7378-5351
299,Desk,Furniture,North,84584.0,5.0,2025-07-21,D69C-8F84
300,Printer,Electronics,South,14897.0,1.0,2025-07-22,CACA-0D62
301,Printer,Electronics,North,58788.29367777023,3.0258503401360546,2025-07-23,F93E-BDEF
302,Printer,Electronics,South,55505.0,1.0,2025-07-24,0145-DBFC
303,Monitor,Electronics,North,57128.0,4.0,2025-07-25,CD59-7F94
304,Table,Furniture,West,84278.0,5.0,2025-07-26,7B47-C915
305,Table,Furniture,North,29179.0,1.0,2025-07-27,15B3-F392
306,Phone,Electronics,West,86294.0,3.0,2025-07-28,9D01-8A02
307,Monitor,Electronics,West,73438.0,4.0,2025-07-29,2F98-E645
308,Monitor,Electronics,South,68651.0,4.0,2025-07-30,A31A-A90C
309,Phone,Electronics,South,98474.0,3.0,2025-07-31,80BE-E2B5
310,Chair,Furniture,North,31601.0,1.0,2025-08-01,F98B-61B3
311,Table,Furniture,North,17570.0,3.0,2025-08-02,6A0D-9C4D
312,Printer,Electronics,South,90694.0,4.0,2025-08-03,4D7E-BDA4
313,Phone,Electronics,West,75343.0,3.0,2025-08-04,6E64-8D30
314,Table,Furniture,North,80391.0,2.0,2025-08-05,B341-8D6A
315,Printer,Electronics,West,42236.0,5.0,2025-08-06,1180-BEC9
316,Phone,Electronics,East,88386.0,3.0,2025-08-07,5293-AC5C
317,Laptop,Electronics,West,88130.0,5.0,2025-08-08,D49C-096C
318,Printer,Electronics,North,59952.0,3.0,2025-08-09,4565-62DE
319,Monitor,Electronics,East,37119.0,4.0,2025-08-10,CCAB-4B80
320,Desk,Electronics,East,49546.0,3.0,2025-08-11,58FA-C451
321,Printer,Electronics,East,99418.0,1.0,2025-08-12,D921-AC35
322,Laptop,Electronics,West,29796.0,3.0,2025-08-13,B4E1-4A3E
323,Desk,Furniture,South,81938.0,2.0,2025-08-14,541F-3E19
324,Printer,Electronics,South,99426.0,2.0,2025-08-15,6FE3-2270
325,Printer,Electronics,North,85370.0,3.0,2025-08-16,29F6-C6CA
326,Laptop,Electronics,North,17244.0,2.0,2025-08-17,9900-1159
327,Chair,Electronics,South,85307.0,5.0,2025-08-18,D926-DED9
328,Phone,Electronics,West,50177.0,3.0,2025-08-19,4A39-E8E6
329,Desk,Furniture,North,25151.0,2.0,2025-08-20,B0C3-E578
330,Laptop,Electronics,North,61098.0,5.0,2025-08-21,F9E1-87E9
331,Chair,Furniture,North,31391.0,3.0,2025-08-22,AF77-0F6B
332,Headphones,Electronics,North,78352.0,5.0,2025-08-23,C6A8-4E8A
333,Table,Furniture,South,94066.0,1.0,2025-08-24,2250-86C5
334,Headphones,Electronics,East,31510.0,4.0,2025-08-25,9DB1-8C59
335,Printer,Electronics,West,75739.0,5.0,2025-08-26,45D7-5C8A
336,Printer,Elec  tronics,West,48196.0,2.0,2025-08-27,DF71-97FB
337,Desk,Furniture,North,78982.0,5.0,2025-08-28,C5C2-985F
338,Printer,Electronics,North,78241.0,3.0,2025-08-29,10E9-4C86
339,Phone,Electronics,East,46586.0,2.0,2025-08-30,4F64-A0E2
340,Monitor,Electronics,East,66542.0,1.0,2025-08-31,5544-4583
341,Printer,Electrnics,West,83727.0,3.0,2025-09-01,D970-9F5E
342,Printer,Electronics,North,29253.0,5.0,2025-09-02,DF5F-5ED9
343,Headphones,Electronics,North,58788.29367777023,3.0,2025-09-03,2407-5A4E
344,Laptop,Electronics,South,23067.0,4.0,2025-09-04,B340-5AD2
345,Table,Furniture,East,16835.0,1.0,2025-09-05,D106-E487
346,Desk,Furniture,South,24540.0,2.0,2025-09-06,19C3-DAE4
347,Desk,Furniture,West,35978.0,3.0,2025-09-07,9CE9-B0D5
348,Headphones,Electronics,East,66136.0,1.0,2025-09-08,CA75-94D1
349,Headphones,Electronics,North,45013.0,3.0,2025-09-09,5416-F925
350,Desk,Furniture  ,North,84584.0,5.0,2025-09-10,2D85-ABDD
351,Printer,Electronics,South,14897.0,1.0,2025-09-11,8FD9-AA59
352,Phone,Electronics,West,86294.0,3.0,2025-09-12,D871-1F74
353,Monitor,Electronics,West,73438.0,4.0,2025-09-13,7816-BF57
354,Monitor,Electronics,South,68651.0,4.0,2025-09-14,CED0-8D31
355,Phone,Electronics,South,98474.0,3.0,2025-09-15,CC7A-EE97
356,Chair,Furniture,North,31601.0,1.0,2025-09-16,B2D6-A355
357,Table,Furniture,North,17570.0,3.0,2025-09-17,CC8A-0B1F
358,Printer,Electronics,South,90694.0,4.0,2025-09-18,30CB-BCD0
359,Phone,Electronics,West,75343.0,3.0,2025-09-19,3642-EEAE
360,Table,Furniture,North,80391.0,2.0,2025-09-20,205B-4D34
361,Printer,Electronics,West,42236.0,5.0,2025-09-21,8BCA-723F
362,Phone,Electronics,East,88386.0,3.0,2025-09-22,ED5D-E9D8
363,Laptop,Electronics,West,88130.0,5.0,2025-09-23,5988-3855
364,Printer,Electronics,North,59952.0,3.0,2025-09-24,5A65-768A
365,Monitor,Electronics,East,37119.0,4.0,2025-09-25,95D8-5DC7
366,Desk,Furniture,East,49546.0,3.0,2025-09-26,B97B-73D7
367,Printer,Electronics,East,99418.0,1.0,2025-09-27,C22D-CE5F
368,Laptop,Electronics,West,29796.0,3.0,2025-09-28,9C24-CD7A
369,Desk,Furniture,South,81938.0,2.0,2025-09-29,9658-7750
370,Printer,Electronics,South,99426.0,2.0,2025-09-30,D7F8-1775
371,Printer,Electronics,North,85370.0,3.0,2025-10-01,A696-1216
372,Laptop,Electronics,North,17244.0,2.0,2025-10-02,5C7B-86C0
373,Chair,Furniture,South,85307.0,5.0,2025-10-03,7DD6-128C
374,Phone,Electronics,West,50177.0,3.0,2025-10-04,8D34-EBDF
375,Desk,Furniture,North,25151.0,2.0,2025-10-05,17AD-99F5
376,Laptop,Electronics,North,61098.0,5.0,2025-10-06,F60C-4888
377,Chair,Furniture,North,31391.0,3.0,2025-10-07,B5C6-F8D5
378,Headphones,Electronics,North,78352.0,5.0,2025-10-08,B6EC-313E
379,Table,Furniture,South,94066.0,1.0,2025-10-09,2A20-28CD
380,Headphones,Electronics,East,31510.0,4.0,2025-10-10,5A04-0EB4
381,Printer,Electronics,West,75739.0,5.0,2025-10-11,EEFC-DEC7
382,Printer,Electronics,West,48196.0,2.0,2025-10-12,5160-53BD
383,Desk,Furniture,North,78982.0,5.0,2025-10-13,6C86-3DC0
384,Printer,Electronics,North,78241.0,3.0,2025-10-14,0240-4D29
385,Phone,Electronics,East,46586.0,2.0,2025-10-15,15D4-53C2
386,Monitor,Electronics,East,66542.0,1.0,2025-10-16,17AE-E715
387,Printer,Electronics,West,83727.0,3.0,2025-10-17,3B90-B998
388,Printer,Electronics,North,29253.0,5.0,2025-10-18,DCD4-C785
389,Headphones,Electronics,North,33862.0,3.0,2025-10-19,6661-FA04
390,Laptop,Electronics,South,23067.0,4.0,2025-10-20,B975-943A
391,Table,Furniture,East,16835.0,1.0,2025-10-21,C95C-CE06
392,Desk,Furniture,South,24540.0,2.0,2025-10-22,7589-66E3
393,Desk,Furniture,West,35978.0,3.0,2025-10-23,2ED2-2CEC
394,Headphones,Electronics,East,66136.0,1.0,2025-10-24,B61E-0F26
395,Headphones,Electronics,North,45013.0,3.0,2025-10-25,DEB9-1BBF
396,Desk,Furniture,North,84584.0,5.0,2025-10-26,B312-7192
397,Printer,Electronics,South,14897.0,1.0,2025-10-27,5C48-9106
398,Phone,Electronics,West,86294.0,3.0,2025-10-28,DF63-0D3C
399,Monitor,Electronics,West,73438.0,4.0,2025-10-29,F9C6-39E2
400,Monitor,Electronics,South,68651.0,4.0,2025-10-30,D4D5-27FB
401,Phone,Electronics,South,98474.0,3.0,2025-10-31,76ED-1CF5
402,Chair,Furniture,North,31601.0,1.0,2025-11-01,380F-A08A
403,Table,Furniture,North,17570.0,3.0,2025-11-02,5E9A-FE30
404,Printer,Electronics,South,90694.0,4.0,2025-11-03,FBED-F86B
405,Phone,Electronics,West,75343.0,3.0,2025-11-04,B063-A2B5
406,Table,Furniture,North,80391.0,2.0,2025-11-05,D676-4ECC
407,Printer,Electronics,West,42236.0,5.0,2025-11-06,D4D7-3C3F
408,Phone,Electronics,East,88386.0,3.0,2025-11-07,DF7E-3233
409,Laptop,Electronics,West,88130.0,5.0,2025-11-08,13E5-8466
410,Printer,Electronics,North,59952.0,3.0,2025-11-09,41DC-E8B5
411,Monitor,Electronics,East,37119.0,4.0,2025-11-10,A7BB-F5A7
412,Desk,Furniture,East,49546.0,3.0,2025-11-11,1B7F-73A9
413,Printer,Electronics,East,99418.0,1.0,2025-11-12,13FA-3559
414,Laptop,Electronics,West,29796.0,3.0,2025-11-13,A2D0-E2D2
415,Desk,Furniture,South,81938.0,2.0,2025-11-14,58F5-C8FC
416,Printer,Electronics,South,99426.0,2.0,2025-11-15,9A87-71F6
417,Printer,Electronics,North,85370.0,3.0,2025-11-16,FAC0-942B
418,Laptop,Electronics,North,17244.0,2.0,2025-11-17,E899-A860
419,Chair,Furniture,South,85307.0,5.0,2025-11-18,BAF9-933D
420,Phone,Electronics,West,50177.0,3.0,2025-11-19,C900-9EF9
421,Desk,Furniture,North,25151.0,2.0,2025-11-20,1472-9F69
422,Laptop,Electronics,North,61098.0,5.0,2025-11-21,1C6C-3B67
423,Chair,Furniture,North,31391.0,3.0,2025-11-22,2698-A448
424,Headphones,Electronics,North,78352.0,5.0,2025-11-23,9BD6-2C43
425,Table,Furniture,South,94066.0,1.0,2025-11-24,39FC-7149
426,Headphones,Electronics,East,31510.0,4.0,2025-11-25,F5E3-48BB
427,Printer,Electronics,West,75739.0,5.0,2025-11-26,0A05-3943
428,Printer,Electronics,West,48196.0,2.0,2025-11-27,3120-B11F
429,Desk,Furniture,North,78982.0,5.0,2025-11-28,2FC8-999D
430,Printer,Electronics,North,78241.0,3.0,2025-11-29,7BD4-7BFB
431,Phone,Electronics,East,46586.0,2.0,2025-11-30,6227-9D9E
432,Monitor,Electronics,East,66542.0,1.0,2025-12-01,4E65-CCD0
433,Printer,Electronics,West,83727.0,3.0,2025-12-02,EB4F-4D97
434,Printer,Electronics,North,29253.0,5.0,2025-12-03,296A-A685
435,Headphones,Electronics,North,33862.0,3.0,2025-12-04,2E7B-43F0
436,Laptop,Electronics,South,23067.0,4.0,2025-12-05,E099-3FCC
437,Table,Furniture,East,16835.0,1.0,2025-12-06,D86B-2E5E
438,Desk,Furniture,South,24540.0,2.0,2025-12-07,267F-F71D
439,Desk,Furniture,West,35978.0,3.0,2025-12-08,155B-42BE
440,Headphones,Electronics,East,66136.0,1.0,2025-12-09,E62F-4FF7
441,Headphones,Electronics,North,45013.0,3.0,2025-12-10,93B1-6510
442,Desk,Furniture,North,84584.0,5.0,2025-12-11,71CC-7412
443,Printer,Electronics,South,14897.0,1.0,2025-12-12,07F1-62C3
444,Phone,Electronics,West,86294.0,3.0,2025-12-13,E523-D168
445,Monitor,Electronics,West,73438.0,4.0,2025-12-14,5A0B-7F31
446,Monitor,Electronics,South,68651.0,4.0,2025-12-15,8F78-4A32
447,Phone,Electronics,South,98474.0,3.0,2025-12-16,8EA4-9179
448,Chair,Furniture,North,31601.0,1.0,2025-12-17,6F50-08B6
449,Table,Furniture,North,17570.0,3.0,2025-12-18,0CF8-1EBD
450,Printer,Electronics,South,90694.0,4.0,2025-12-19,8E5B-CBBF
451,Phone,Electronics,West,75343.0,3.0,2025-12-20,8DA7-0090
452,Table,Furniture,North,80391.0,2.0,2025-12-21,9BC9-1288
453,Printer,Electronics,West,42236.0,5.0,2025-12-22,6A8B-EC82
454,Phone,Electronics,East,88386.0,3.0,2025-12-23,F968-671C
455,Laptop,Electronics,West,88130.0,5.0,2025-12-24,31FB-D496
456,Printer,Electronics,North,59952.0,3.0,2025-12-25,FEEC-A663
457,Monitor,Electronics,East,37119.0,4.0,2025-12-26,9412-7AA6
458,Desk,Furniture,East,49546.0,3.0,2025-12-27,920B-7B40
459,Printer,Electronics,East,99418.0,1.0,2025-12-28,2374-7581
460,Laptop,Electronics,West,29796.0,3.0,2025-12-29,D245-5D80
461,Desk,Furniture,South,81938.0,2.0,2025-12-30,41EC-F2AA
462,Printer,Electronics,South,99426.0,2.0,2025-12-31,1C57-5F2A
463,Printer,Electronics,North,85370.0,3.0,2026-01-01,0678-748A
464,Laptop,Electronics,North,17244.0,2.0,2026-01-02,A896-CDE2
465,Chair,Furniture,South,85307.0,5.0,2026-01-03,ACF7-5B99
466,Phone,Electronics,West,50177.0,3.0,2026-01-04,5741-0022
467,Desk,Furniture,North,25151.0,2.0,2026-01-05,AA67-CB22
468,Laptop,Electronics,North,61098.0,5.0,2026-01-06,D825-CC31
469,Chair,Furniture,North,31391.0,3.0,2026-01-07,59F5-F57D
470,Headphones,Electronics,North,78352.0,5.0,2026-01-08,E430-E462
471,Table,Furniture,South,94066.0,1.0,2026-01-09,9F02-0D39
472,Headphones,Electronics,East,31510.0,4.0,2026-01-10,74F3-DF3D
473,Printer,Electronics,West,75739.0,5.0,2026-01-11,5F2E-A68B
474,Printer,Electronics,West,48196.0,2.0,2026-01-12,65A0-5D04
475,Desk,Furniture,North,78982.0,5.0,2026-01-13,79C5-FE9D
476,Printer,Electronics,North,78241.0,3.0,2026-01-14,B49A-7D79
477,Phone,Electronics,East,46586.0,2.0,2026-01-15,E503-C500
478,Monitor,Electronics,East,66542.0,1.0,2026-01-16,388D-DB68
479,Printer,Electronics,West,83727.0,3.0,2026-01-17,A76C-AEB3
480,Printer,Electronics,North,29253.0,5.0,2026-01-18,278C-D482
481,Headphones,Electronics,North,33862.0,3.0,2026-01-19,A1DB-6C34
482,Laptop,Electronics,South,23067.0,4.0,2026-01-20,468A-E249
483,Table,Furniture,East,16835.0,1.0,2026-01-21,95CB-4E31
484,Desk,Furniture,South,24540.0,2.0,2026-01-22,3A2C-ABB8
485,Desk,Furniture,West,35978.0,3.0,2026-01-23,6EDB-94B7
486,Headphones,Electronics,East,66136.0,1.0,2026-01-24,8292-6635
487,Headphones,Electronics,North,45013.0,3.0,2026-01-25,6EEF-5B17
488,Desk,Furniture,North,84584.0,5.0,2026-01-26,C250-AF15
489,Printer,Electronics,South,14897.0,1.0,2026-01-27,257B-8130
490,Phone,Electronics,West,86294.0,3.0,2026-01-28,B492-D447
491,Monitor,Electronics,West,73438.0,4.0,2026-01-29,4673-EBEC
492,Monitor,Electronics,South,68651.0,4.0,2026-01-30,C08F-94F9
493,Phone,Electronics,South,98474.0,3.0,2026-01-31,F961-5A03
494,Chair,Furniture,North,31601.0,1.0,2026-02-01,CE90-763C
495,Table,Furniture,North,17570.0,3.0,2026-02-02,6653-BD41
496,Printer,Electronics,South,90694.0,4.0,2026-02-03,C251-2A18
497,Phone,Electronics,West,75343.0,3.0,2026-02-04,8FF0-0F7A
498,Table,Furniture,North,80391.0,2.0,2026-02-05,62A3-DEA7
499,Printer,Electronics,West,42236.0,5.0,2026-02-06,D3F6-A313
500,Phone,Electronics,East,88386.0,3.0,2026-02-07,1453-D3D8
501,Laptop,Electronics,West,88130.0,5.0,2026-02-08,B59D-CA4C
502,Printer,Electronics,North,59952.0,3.0,2026-02-09,3DB7-2942
503,Monitor,Electronics,East,37119.0,4.0,2026-02-10,B102-5713
504,Desk,Furniture,East,49546.0,3.0,2026-02-11,BDE5-385A
505,Printer,Electronics,East,99418.0,1.0,2026-02-12,8F7F-015D
506,Laptop,Electronics,West,29796.0,3.0,2026-02-13,C1B4-46B2
507,Desk,Furniture,South,81938.0,2.0,2026-02-14,F5C3-07B0
508,Printer,Electronics,South,99426.0,2.0,2026-02-15,08FC-817E
509,Printer,Electronics,North,85370.0,3.0,2026-02-16,AC19-7EE7
510,Laptop,Electronics,North,17244.0,2.0,2026-02-17,C9FF-3A25
511,Chair,Furniture,South,85307.0,5.0,2026-02-18,CDC1-C7CA
512,Phone,Electronics,West,50177.0,3.0,2026-02-19,E616-CAD8
513,Desk,Furniture,North,25151.0,2.0,2026-02-20,2219-56CA
514,Laptop,Electronics,North,61098.0,5.0,2026-02-21,EEA0-C109
515,Chair,Furniture,North,31391.0,3.0,2026-02-22,ABB5-0B95
516,Headphones,Electronics,North,78352.0,5.0,2026-02-23,5F4E-EE5A
517,Table,Furniture,South,94066.0,1.0,2026-02-24,F401-1B75
518,Headphones,Electronics,East,31510.0,4.0,2026-02-25,B995-E5CE
519,Printer,Electronics,West,75739.0,5.0,2026-02-26,533B-938D
520,Printer,Electronics,West,48196.0,2.0,2026-02-27,993B-186B
521,Desk,Furniture,North,78982.0,5.0,2026-02-28,DFA2-1B8F
522,Printer,Electronics,North,78241.0,3.0,2026-03-01,04D7-C8F3
523,Phone,Electronics,East,46586.0,2.0,2026-03-02,C026-3E38
524,Monitor,Electronics,East,66542.0,1.0,2026-03-03,69EC-7B13
525,Printer,Electronics,West,83727.0,3.0,2026-03-04,AD8F-7539
526,Printer,Electronics,North,29253.0,5.0,2026-03-05,B44E-8AEE
527,Headphones,Electronics,North,33862.0,3.0,2026-03-06,63E9-F74A
528,Laptop,Electronics,South,23067.0,4.0,2026-03-07,A184-3B30
529,Table,Furniture,East,16835.0,1.0,2026-03-08,851C-E7E2
530,Desk,Furniture,South,24540.0,2.0,2026-03-09,E46A-3676
531,Desk,Furniture,West,35978.0,3.0,2026-03-10,10CE-8403
532,Headphones,Electronics,East,66136.0,1.0,2026-03-11,E47D-E3C5
533,Headphones,Electronics,North,45013.0,3.0,2026-03-12,1AC8-361F
534,Desk,Furniture,North,84584.0,5.0,2026-03-13,9360-3A68
535,Printer,Electronics,South,14897.0,1.0,2026-03-14,BE54-8537
536,Phone,Electronics,West,86294.0,3.0,2026-03-15,D6BB-FEDF
537,Monitor,Electronics,West,73438.0,4.0,2026-03-16,ACD5-5FA2
538,Monitor,Electronics,South,68651.0,4.0,2026-03-17,BB09-BF7F
539,Phone,Electronics,South,98474.0,3.0,2026-03-18,450D-13A9
540,Chair,Furniture,North,31601.0,1.0,2026-03-19,5605-237E
541,Table,Furniture,North,17570.0,3.0,2026-03-20,03C5-51AD
542,Printer,Electronics,South,90694.0,4.0,2026-03-21,27CD-A6BF
543,Phone,Electronics,West,75343.0,3.0,2026-03-22,626A-9377
544,Table,Furniture,North,80391.0,2.0,2026-03-23,6125-FEC8
545,Printer,Electronics,West,42236.0,5.0,2026-03-24,D954-6402
546,Phone,Electronics,East,88386.0,3.0,2026-03-25,246E-3383
547,Laptop,Electronics,West,88130.0,5.0,2026-03-26,BD97-F94D
548,Printer,Electronics,North,59952.0,3.0,2026-03-27,FB5B-C127
549,Monitor,Electronics,East,37119.0,4.0,2026-03-28,A590-DF69
550,Desk,Furniture,East,49546.0,3.0,2026-03-29,B679-F7C9
551,Printer,Electronics,East,99418.0,1.0,2026-03-30,1B4A-5D80
552,Laptop,Electronics,West,29796.0,3.0,2026-03-31,BAB4-3AC8
553,Desk,Furniture,South,81938.0,2.0,2026-04-01,83FD-F920
554,Printer,Electronics,South,99426.0,2.0,2026-04-02,B24C-18BF
555,Printer,Electronics,North,85370.0,3.0,2026-04-03,FD0B-7B0A
556,Laptop,Electronics,North,17244.0,2.0,2026-04-04,EB8F-204D
557,Chair,Furniture,South,85307.0,5.0,2026-04-05,8A5B-3D6E
558,Phone,Electronics,West,50177.0,3.0,2026-04-06,46D6-CA7A
559,Desk,Furniture,North,25151.0,2.0,2026-04-07,5060-A677
560,Laptop,Electronics,North,61098.0,5.0,2026-04-08,A11D-324A
561,Chair,Furniture,North,31391.0,3.0,2026-04-09,13E5-2F17
562,Headphones,Electronics,North,78352.0,5.0,2026-04-10,3F0C-41A7
563,Table,Furniture,South,94066.0,1.0,2026-04-11,07AF-3631
564,Headphones,Electronics,East,31510.0,4.0,2026-04-12,259B-6C50
565,Printer,Electronics,West,75739.0,5.0,2026-04-13,63B8-CCC0
566,Printer,Electronics,West,48196.0,2.0,2026-04-14,F20A-F424
567,Desk,Furniture,North,78982.0,5.0,2026-04-15,C1E8-5AAB
568,Printer,Electronics,North,78241.0,3.0,2026-04-16,23FC-93A5
569,Phone,Electronics,East,46586.0,2.0,2026-04-17,AE33-DDE7
570,Monitor,Electronics,East,66542.0,1.0,2026-04-18,DC67-3B66
571,Printer,Electronics,West,83727.0,3.0,2026-04-19,F1BD-033D
572,Printer,Electronics,North,29253.0,5.0,2026-04-20,7961-A93B
573,Headphones,Electronics,North,33862.0,3.0,2026-04-21,F5CC-33FA
574,Laptop,Electronics,South,23067.0,4.0,2026-04-22,1E61-B76A
575,Table,Furniture,East,16835.0,1.0,2026-04-23,5395-75A1
576,Desk,Furniture,South,24540.0,2.0,2026-04-24,D18F-8C48
577,Desk,Furniture,West,35978.0,3.0,2026-04-25,C7C8-43D9
578,Headphones,Electronics,East,66136.0,1.0,2026-04-26,DA4C-7F2E
579,Headphones,Electronics,North,45013.0,3.0,2026-04-27,FC47-1953
580,Desk,Furniture,North,84584.0,5.0,2026-04-28,61CC-2C1D
581,Printer,Electronics,South,14897.0,1.0,2026-04-29,CDFB-6A08
582,Phone,Electronics,West,86294.0,3.0,2026-04-30,B967-D6D3
583,Monitor,Electronics,West,73438.0,4.0,2026-05-01,757F-78FE
584,Monitor,Electronics,South,68651.0,4.0,2026-05-02,B8A5-07A1
585,Phone,Electronics,South,98474.0,3.0,2026-05-03,2FAE-9278
586,Chair,Furniture,North,31601.0,1.0,2026-05-04,0E79-8257
587,Table,Furniture,North,17570.0,3.0,2026-05-05,9075-A294
588,Printer,Electronics,South,90694.0,4.0,2026-05-06,5D73-961A
589,Phone,Electronics,West,75343.0,3.0,2026-05-07,A105-470B
590,Table,Furniture,North,80391.0,2.0,2026-05-08,3C31-30CB
591,Printer,Electronics,West,42236.0,5.0,2026-05-09,6E61-A2BA
592,Phone,Electronics,East,88386.0,3.0,2026-05-10,40CC-6231
593,Laptop,Electronics,West,88130.0,5.0,2026-05-11,ABDA-F749
594,Printer,Electronics,North,59952.0,3.0,2026-05-12,411F-6325
595,Monitor,Electronics,East,37119.0,4.0,2026-05-13,32AE-C02F
596,Desk,Furniture,East,49546.0,3.0,2026-05-14,1C6F-87AA
597,Printer,Electronics,East,99418.0,1.0,2026-05-15,DAE0-B44F
598,Laptop,Electronics,West,29796.0,3.0,2026-05-16,4294-03D1
599,Desk,Furniture,South,81938.0,2.0,2026-05-17,D5B3-425C
600,Printer,Electronics,South,99426.0,2.0,2026-05-18,3A20-7C3E
601,Printer,Electronics,North,85370.0,3.0,2026-05-19,6B20-FFDF
602,Laptop,Electronics,North,17244.0,2.0,2026-05-20,C389-FC34
603,Chair,Furniture,South,85307.0,5.0,2026-05-21,89A6-7EF1
604,Phone,Electronics,West,50177.0,3.0,2026-05-22,09D2-46BD
605,Desk,Furniture,North,25151.0,2.0,2026-05-23,6413-42F1
606,Laptop,Electronics,North,61098.0,5.0,2026-05-24,C520-6F2B
607,Chair,Furniture,North,31391.0,3.0,2026-05-25,20CA-404E
608,Headphones,Electronics,North,78352.0,5.0,2026-05-26,C8BC-3B77
609,Table,Furniture,South,94066.0,1.0,2026-05-27,0AA2-881A
610,Headphones,Electronics,East,31510.0,4.0,2026-05-28,1A2D-52EC
611,Printer,Electronics,West,75739.0,5.0,2026-05-29,07C3-7429
612,Printer,Electronics,West,48196.0,2.0,2026-05-30,A1B4-5481
613,Desk,Furniture,North,78982.0,5.0,2026-05-31,22FF-9076
614,Printer,Electronics,North,78241.0,3.0,2026-06-01,EA3A-E005
615,Phone,Electronics,East,46586.0,2.0,2026-06-02,5802-2A7E
616,Monitor,Electronics,East,66542.0,1.0,2026-06-03,05DA-5423
617,Printer,Electronics,West,83727.0,3.0,2026-06-04,8A6B-AD5C
618,Printer,Electronics,North,29253.0,5.0,2026-06-05,DBF0-2EA3
619,Headphones,Electronics,North,33862.0,3.0,2026-06-06,8AAD-FAFB
620,Laptop,Electronics,South,23067.0,4.0,2026-06-07,28EA-A010
621,Table,Furniture,East,16835.0,1.0,2026-06-08,6A09-C910
622,Desk,Furniture,South,24540.0,2.0,2026-06-09,ADF8-AD57
623,Desk,Furniture,West,35978.0,3.0,2026-06-10,C292-EC0C
624,Headphones,Electronics,East,66136.0,1.0,2026-06-11,CD7F-377F
625,Headphones,Electronics,North,45013.0,3.0,2026-06-12,AF11-04C3
626,Desk,Furniture,North,84584.0,5.0,2026-06-13,D31B-BEF8
627,Printer,Electronics,South,14897.0,1.0,2026-06-14,596B-33F4
628,Phone,Electronics,West,86294.0,3.0,2026-06-15,0B72-0EE6
629,Monitor,Electronics,West,73438.0,4.0,2026-06-16,C661-6A1C
630,Monitor,Electronics,South,68651.0,4.0,2026-06-17,4C41-7F73
631,Phone,Electronics,South,98474.0,3.0,2026-06-18,5D69-D350
632,Chair,Furniture,North,31601.0,1.0,2026-06-19,7845-EF8F
633,Table,Furniture,North,17570.0,3.0,2026-06-20,8766-F1E7
634,Printer,Electronics,South,90694.0,4.0,2026-06-21,79D0-C935
635,Phone,Electronics,West,75343.0,3.0,2026-06-22,6AD1-5EE8
636,Table,Furniture,North,80391.0,2.0,2026-06-23,CECC-60FF
637,Printer,Electronics,West,42236.0,5.0,2026-06-24,4A0E-9958
638,Phone,Electronics,East,88386.0,3.0,2026-06-25,DA8E-9496
639,Laptop,Electronics,West,88130.0,5.0,2026-06-26,05ED-92F1
640,Printer,Electronics,North,59952.0,3.0,2026-06-27,D3EB-610D
641,Monitor,Electronics,North,37119.0,4.0,2026-06-28,55B1-3712
642,Desk,Furniture,North,49546.0,3.0,2026-06-29,566A-FC64
643,Printer,Electronics,East,99418.0,1.0,2026-06-30,8EAF-4F79
644,Laptop,Electronics,North,29796.0,3.0,2026-07-01,25F5-0EAF
645,Desk,Furniture,North,81938.0,2.0,2026-07-02,291F-B604
646,Printer,Electronics,South,99426.0,2.0,2026-07-03,EE63-4E57
647,Printer,Electronics,North,85370.0,3.0,2026-07-04,EE91-1A9C
648,Laptop,Electronics,North,17244.0,2.0,2026-07-05,242A-4FA0
649,Chair,Furniture,North,85307.0,5.0,2026-07-06,F58A-302D
650,Phone,Electronics,North,50177.0,3.0,2026-07-07,8733-BC3C
651,Desk,Furniture,North,25151.0,2.0,2026-07-08,3D9E-FB05
652,Laptop,Electronics,North,61098.0,5.0,2026-07-09,B407-ABCA
653,Chair,Furniture,North,31391.0,3.0,2026-07-10,11C2-2B5B
654,Headphones,Electronics,North,78352.0,5.0,2026-07-11,801C-89BF
655,Table,Furniture,South,94066.0,1.0,2026-07-12,5BDE-7102
656,Headphones,Electronics,East,31510.0,4.0,2026-07-13,6987-6124
657,Printer,Electronics,West,75739.0,5.0,2026-07-14,E81C-A653
658,Printer,Electronics,West,48196.0,2.0,2026-07-15,4F22-FF67
659,Desk,Furniture,North,78982.0,5.0,2026-07-16,806F-B986
660,Printer,Electronics,North,78241.0,3.0,2026-07-17,8F38-A4DD
661,Phone,Electronics,East,46586.0,2.0,2026-07-18,776A-CDBC
662,Monitor,Electronics,East,66542.0,1.0,2026-07-19,8FB2-4CE0
663,Printer,Electronics,West,83727.0,3.0,2026-07-20,CC88-AE14
664,Printer,Electronics,North,29253.0,5.0,2026-07-21,3261-373A
665,Headphones,Electronics,North,33862.0,3.0,2026-07-22,B90D-4BEF
666,Laptop,Electronics,South,23067.0,4.0,2026-07-23,D754-4CDF
667,Table,Furniture,East,16835.0,1.0,2026-07-24,6D3B-AD28
668,Desk,Furniture,South,24540.0,2.0,2026-07-25,924E-1035
669,Desk,Furniture,West,35978.0,3.0,2026-07-26,EFB8-ED99
670,Headphones,Electronics,East,66136.0,1.0,2026-07-27,B122-D3D2
671,Headphones,Electronics,North,45013.0,3.0,2026-07-28,1D87-3372
672,Desk,Furniture,North,84584.0,5.0,2026-07-29,6A67-EC2C
673,Printer,Electronics,South,14897.0,1.0,2026-07-30,D529-0BC2
674,Phone,Electronics,West,86294.0,3.0,2026-07-31,AE51-5502
675,Monitor,Electronics,North,73438.0,4.0,2026-08-01,E442-1FEE
676,Monitor,Electronics,South,68651.0,4.0,2026-08-02,D457-AB87
677,Phone,Electronics,South,98474.0,3.0,2026-08-03,9CC0-FF43
678,Chair,Furniture,North,31601.0,1.0,2026-08-04,1BAE-4DA1
679,Table,Furniture,North,17570.0,3.0,2026-08-05,7486-A1B6
680,Printer,Electronics,Sout,90694.0,4.0,2026-08-06,DD1E-583D
681,Phone,Electronics,West,75343.0,3.0,2026-08-07,2857-A950
682,Table,Furniture,North,80391.0,2.0,2026-08-08,5E53-1897
683,Printer,Electronics,West,42236.0,5.0,2026-08-09,B437-FCF8
684,Phone,Electronics,East,88386.0,3.0,2026-08-10,B268-1642
685,Laptop,Electronics,West,88130.0,5.0,2026-08-11,C77A-2348
686,Printer,Electronics,North,59952.0,3.0,2026-08-12,E7F5-0AD1
687,Monitor,Electronics,North,37119.0,4.0,2026-08-13,7839-CA12
688,Desk,Furniture,East,49546.0,3.0,2026-08-14,8462-E88A
689,Printer,Electronics,East,99418.0,1.0,2026-08-15,79E4-6632
690,Laptop,Electronics,West,29796.0,3.0,2026-08-16,097B-A688
691,Desk,Furniture,South,81938.0,2.0,2026-08-17,A7F8-24EA
692,Printer,Electronics,South,99426.0,2.0,2026-08-18,8078-6154
693,Printer,Electronics,North,85370.0,3.0,2026-08-19,DEC5-9319
694,Laptop,Electronics,North,17244.0,2.0,2026-08-20,28F4-8367
695,Chair,Furniture,South,85307.0,5.0,2026-08-21,5C87-D7BB
696,Phone,Electronics,West,50177.0,3.0,2026-08-22,D383-714B
697,Desk,Furniture,North,25151.0,2.0,2026-08-23,0D1B-DEC2
698,Laptop,Electronics,North,61098.0,5.0,2026-08-24,DD04-BDF8
699,Chair,Furniture,North,31391.0,3.0,2026-08-25,7749-B277
700,Headphones,Electronics,North,78352.0,5.0,2026-08-26,2CA8-4E1B
701,Table,Furniture,South,94066.0,1.0,2026-08-27,EACC-D1F6
702,Headphones,Electronics,East,31510.0,4.0,2026-08-28,B8C3-5E0A
703,Printer,Electronics,West,75739.0,5.0,2026-08-29,1A6D-AF5D
704,Printer,Electronics,North,48196.0,2.0,2026-08-30,4FCD-7D65
705,Desk,Furniture,North,78982.0,5.0,2026-08-31,7279-6591
706,Printer,Electronics,North,78241.0,3.0,2026-09-01,6925-864E
707,Phone,Electronics,East,46586.0,2.0,2026-09-02,4563-8637
708,Monitor,Electronics,East,66542.0,1.0,2026-09-03,2546-1312
709,Printer,Electronics,West,83727.0,3.0,2026-09-04,FFCF-0BD5
710,Printer,Electronics,North,29253.0,5.0,2026-09-05,7623-9AF1
711,Headphones,Electronics,North,33862.0,3.0,2026-09-06,C973-E8E5
712,Laptop,Electronics,South,23067.0,4.0,2026-09-07,763B-DE6E
713,Table,Furniture,East,16835.0,1.0,2026-09-08,7EEF-9A90
714,Desk,Furniture,South,24540.0,2.0,2026-09-09,63B0-1036
715,Desk,Furniture,West,35978.0,3.0,2026-09-10,41FE-D257
716,Headphones,Electronics,East,66136.0,1.0,2026-09-11,D24B-5AC8
717,Headphones,Electronics,North,45013.0,3.0,2026-09-12,F7B0-E6B2
718,Desk,Furniture,North,84584.0,5.0,2026-09-13,9C6C-E5CE
719,Printer,Electronics,South,14897.0,1.0,2026-09-14,184D-06FF
720,Phone,Electronics,West,86294.0,3.0,2026-09-15,2B70-5A31
721,Monitor,Electronics,West,73438.0,4.0,2026-09-16,EDF2-2659
722,Monitor,Electronics,South,68651.0,4.0,2026-09-17,0BAF-7454
723,Phone,Electronics,North,98474.0,3.0,2026-09-18,8373-07C6
724,Chair,Furniture,North,31601.0,1.0,2026-09-19,BAFA-86DF
725,Table,Furniture,North,17570.0,3.0,2026-09-20,74B4-CB7A
726,Printer,Electronics,South,90694.0,4.0,2026-09-21,4C66-6E16
727,Phone,Electronics,West,75343.0,3.0,2026-09-22,D6D2-184B
728,Table,Furniture,North,80391.0,2.0,2026-09-23,FB1D-5A51
729,Printer,Electronics,West,42236.0,5.0,2026-09-24,5AA7-C7BA
730,Phone,Electronics,East,88386.0,3.0,2026-09-25,3E50-011E
731,Laptop,Electronics,West,88130.0,5.0,2026-09-26,3992-22AD
732,Printer,Electronics,North,59952.0,3.0,2026-09-27,5642-6F1E
733,Monitor,Electronics,East,37119.0,4.0,2026-09-28,005C-E0FB
734,Desk,Furniture,East,49546.0,3.0,2026-09-29,45BA-6683
735,Printer,Electronics,East,99418.0,1.0,2026-09-30,D29C-A21F
736,Laptop,Electronics,West,29796.0,3.0,2026-10-01,473C-EA4E
737,Desk,Furniture,South,81938.0,2.0,2026-10-02,5F5B-83B1
738,Printer,Electronics,South,99426.0,2.0,2026-10-03,E9D9-787A
739,Printer,Electronics,North,85370.0,3.0,2026-10-04,8328-A764
740,Laptop,Electronics,North,17244.0,2.0,2026-10-05,90EB-28D4
741,Chair,Furniture,South,85307.0,5.0,2026-10-06,E399-E4F6
742,Phone,Electronics,West,50177.0,3.0,2026-10-07,BEE2-8052
743,Desk,Furniture,North,25151.0,2.0,2026-10-08,0DC1-7EE4
744,Laptop,Electronics,North,61098.0,5.0,2026-10-09,63D2-F412
745,Chair,Furniture,North,31391.0,3.0,2026-10-10,4467-6B8F
746,Headphones,Electronics,North,78352.0,5.0,2026-10-11,0626-7020
747,Table,Furniture,South,94066.0,1.0,2026-10-12,C0B9-E4C1
748,Headphones,Electronics,North,31510.0,4.0,2026-10-13,16B6-9C29
749,Printer,Electronics,West,75739.0,5.0,2026-10-14,3A36-DA50
750,Printer,Electronics,West,48196.0,2.0,2026-10-15,5609-8585
751,Desk,Furniture,North,78982.0,5.0,2026-10-16,4971-33F9
752,Printer,Electronics,North,78241.0,3.0,2026-10-17,FC24-43F6
753,Phone,Electronics,East,46586.0,2.0,2026-10-18,E73A-F20A
754,Monitor,Electronics,East,66542.0,1.0,2026-10-19,B57F-B5CE
755,Printer,Electronics,West,83727.0,3.0,2026-10-20,1D32-9620
756,Printer,Electronics,North,29253.0,5.0,2026-10-21,5A78-0F17
757,Headphones,Electronics,North,33862.0,3.0,2026-10-22,D045-B6CA
758,Laptop,Electronics,South,23067.0,4.0,2026-10-23,0EA5-3A95
759,Table,Furniture,East,16835.0,1.0,2026-10-24,36E1-3DDF
760,Desk,Furniture,South,24540.0,2.0,2026-10-25,35D2-818A
761,Desk,Furniture,West,35978.0,3.0,2026-10-26,2BD8-20A6
762,Headphones,Electronics,Eas,66136.0,1.0,2026-10-27,84E7-02D4
763,Headphones,Electronics,North,45013.0,3.0,2026-10-28,7D2D-3831
764,Desk,Furniture,North,84584.0,5.0,2026-10-29,FB4B-067E
765,Printer,Electronics,South,14897.0,1.0,2026-10-30,1243-8B63
766,Phone,Electronics,West,86294.0,3.0,2026-10-31,D75C-3E43
767,Monitor,Electronics,West,73438.0,4.0,2026-11-01,3747-3110
768,Monitor,Electronics,South,68651.0,4.0,2026-11-02,05F0-6F7B
769,Phone,Electronics,South,98474.0,3.0,2026-11-03,D712-9E1C
770,Chair,Furniture,North,31601.0,1.0,2026-11-04,BBE1-D4A5
771,Table,Furniture,90,17570.0,3.0,2026-11-05,B1BC-0011
772,Printer,Electronics,South,90694.0,4.0,2026-11-06,3653-D544
773,Phone,Electronics,West,75343.0,3.0,2026-11-07,A53B-DF3C
774,Table,Furniture,North,80391.0,2.0,2026-11-08,9BE8-2C44
775,Printer,Electronics,North,42236.0,5.0,2026-11-09,5639-70C0
776,Phone,Electronics,East,88386.0,3.0,2026-11-10,3C78-06E7
777,Laptop,Electronics,West,88130.0,5.0,2026-11-11,BBD0-FB7D
778,Printer,Electronics,North,59952.0,3.0,2026-11-12,106F-F7C7
779,Monitor,Electronics,East,37119.0,4.0,2026-11-13,A848-F98B
780,Desk,Furniture,East,49546.0,3.0,2026-11-14,EE7E-F5AC
781,Printer,Electronics,East,99418.0,1.0,2026-11-15,C27A-1115
782,Laptop,Electronics,West,29796.0,3.0,2026-11-16,C57E-6E4F
783,Desk,Furniture,South,81938.0,2.0,2026-11-17,BBB4-89C7
784,Printer,Electronics,South,99426.0,2.0,2026-11-18,84AD-D566
785,Printer,Electronics,North,85370.0,3.0,2026-11-19,26DF-1241
786,Laptop,Electronics,North,17244.0,2.0,2026-11-20,4657-FE18
787,Chair,Furniture,South,85307.0,5.0,2026-11-21,D93A-CC98
788,Phone,Electronics,West,50177.0,3.0,2026-11-22,75CF-67E0
789,Desk,Furniture,North,25151.0,2.0,2026-11-23,4188-C61D
790,Laptop,Electronics,North,61098.0,5.0,2026-11-24,45A4-C1D0
791,Chair,Furniture,North,31391.0,3.0,2026-11-25,6CC9-81FC
792,Headphones,Electronics,North,78352.0,5.0,2026-11-26,9283-E971
793,Table,Furniture,South,94066.0,1.0,2026-11-27,72A2-1105
794,Headphones,Electronics,East,31510.0,4.0,2026-11-28,34FB-D8F3
795,Printer,Electronics,West,75739.0,5.0,2026-11-29,65C9-0885
796,Printer,Electronics,West,48196.0,2.0,2026-11-30,42F5-707F
797,Desk,Furniture,North,78982.0,5.0,2026-12-01,03D3-AA88
798,Printer,Electronics,North,78241.0,3.0,2026-12-02,1A38-1D62
799,Phone,Electronics,East,46586.0,2.0,2026-12-03,D7C2-EAA5
800,Monitor,Electronics,East,66542.0,1.0,2026-12-04,6151-4A92
801,Printer,Electronics,West,83727.0,3.0,2026-12-05,EA37-AE5E
802,Printer,Electronics,North,29253.0,5.0,2026-12-06,41A7-9C19
803,Headphones,Electronics,North,33862.0,3.0,2026-12-07,A409-26AC
804,Laptop,Electronics,South,23067.0,4.0,2026-12-08,994A-5F84
805,Table,Furniture,North,16835.0,1.0,2026-12-09,0B19-EFB2
806,Desk,Furniture,South,24540.0,2.0,2026-12-10,1DC4-97CF
807,Desk,Furniture,West,35978.0,3.0,2026-12-11,07F6-D61B
808,Headphones,Electronics,North,66136.0,1.0,2026-12-12,81FF-8D6C
809,Headphones,Electronics,North,45013.0,3.0,2026-12-13,81F1-950F
810,Desk,Furniture,North,84584.0,5.0,2026-12-14,F1B6-31B7
811,Printer,Electronics,South,14897.0,1.0,2026-12-15,FB6A-3F11
812,Phone,Electronics,West,86294.0,3.0,2026-12-16,DB6B-88DA
813,Monitor,Electronics,West,73438.0,4.0,2026-12-17,5F06-D3F6
814,Monitor,Electronics,South,68651.0,4.0,2026-12-18,425F-4D2D
815,Phone,Electronics,South,98474.0,3.0,2026-12-19,DBF5-E57D
816,Chair,Furniture,North,31601.0,1.0,2026-12-20,4C99-E626
817,Table,Furniture,North,17570.0,3.0,2026-12-21,C016-FA12
818,Printer,Electronics,South,90694.0,4.0,2026-12-22,6BE1-09FB
819,Phone,Electronics,West,75343.0,3.0,2026-12-23,61E2-6540
820,Table,Furniture,North,80391.0,2.0,2026-12-24,FE0F-498F
821,Printer,Electronics,West,42236.0,5.0,2026-12-25,D91C-815B
822,Phone,Electronics,East,88386.0,3.0,2026-12-26,F8D4-3CAB
823,Laptop,Electronics,West,88130.0,5.0,2026-12-27,21C8-00EC
824,Printer,Electronics,North,59952.0,3.0,2026-12-28,1424-0B0C
825,Monitor,Electronics,East,37119.0,4.0,2026-12-29,4C72-E72F
826,Desk,Furniture,East,49546.0,3.0,2026-12-30,ABC2-0036
827,Printer,Electronics,East,99418.0,1.0,2026-12-31,2BCE-F73C
828,Laptop,Electronics,West,29796.0,3.0,2027-01-01,D4BE-786C
829,Desk,Furniture,South,81938.0,2.0,2027-01-02,2EF6-8D96
830,Printer,Electronics,South,99426.0,2.0,2027-01-03,E6F7-EF68
831,Printer,Electronics,North,85370.0,3.0,2027-01-04,4862-E40F
832,Laptop,Electronics,North,17244.0,2.0,2027-01-05,9591-C955
833,Chair,Furniture,South,85307.0,5.0,2027-01-06,E1FE-67B5
834,Phone,Electronics,West,50177.0,3.0,2027-01-07,4D59-B831
835,Desk,Furniture,North,25151.0,2.0,2027-01-08,CCE7-36ED
836,Laptop,Electronics,North,61098.0,5.0,2027-01-09,ACB2-6640
837,Chair,Furniture,North,31391.0,3.0,2027-01-10,8369-ED26
838,Headphones,Electronics,North,78352.0,5.0,2027-01-11,AEEC-804D
839,Table,Furniture,South,94066.0,1.0,2027-01-12,CAD7-01BE
840,Headphones,Electronics,East,31510.0,4.0,2027-01-13,4938-402A
841,Printer,Electronics,West,75739.0,5.0,2027-01-14,7D95-B5B1
842,Printer,Electronics,West,48196.0,2.0,2027-01-15,7805-8A7C
843,Desk,Furniture,North,78982.0,5.0,2027-01-16,648E-FE5F
844,Printer,Electronics,North,78241.0,3.0,2027-01-17,5634-9D10
845,Phone,Electronics,East,46586.0,2.0,2027-01-18,1147-7E2F
846,Monitor,Electronics,East,66542.0,1.0,2027-01-19,2DD1-FD7F
847,Printer,Electronics,West,83727.0,3.0,2027-01-20,682D-8FD8
848,Printer,Electronics,North,29253.0,5.0,2027-01-21,3EAA-95E5
849,Headphones,Electronics,North,33862.0,3.0,2027-01-22,ECC7-B638
850,Laptop,Electronics,South,23067.0,4.0,2027-01-23,0AF4-EC15
851,Table,Furniture,East,16835.0,1.0,2027-01-24,66BC-7AC0
852,Desk,Furniture,South,24540.0,2.0,2027-01-25,503B-AACE
853,Desk,Furniture,West,35978.0,3.0,2027-01-26,BFAF-1ED1
854,Headphones,Electronics,East,66136.0,1.0,2027-01-27,05CD-292D
855,Headphones,Electronics,North,45013.0,3.0,2027-01-28,C6F6-CDFE
856,Desk,Furniture,North,84584.0,5.0,2027-01-29,DCA7-D382
857,Printer,Electronics,South,14897.0,1.0,2027-01-30,07F5-A45D
858,Phone,Electronics,West,86294.0,3.0,2027-01-31,F72B-49FF
859,Monitor,Electronics,West,73438.0,4.0,2027-02-01,5919-4ADE
860,Monitor,Electronics,South,68651.0,4.0,2027-02-02,9723-FED9
861,Phone,Electronics,South,98474.0,3.0,2027-02-03,61E5-836E
862,Chair,Furniture,North,31601.0,1.0,2027-02-04,2937-EB65
863,Table,Furniture,North,17570.0,3.0,2027-02-05,2A89-93B6
864,Printer,Electronics,South,90694.0,4.0,2027-02-06,2FC6-7ED5
865,Phone,Electronics,West,75343.0,3.0,2027-02-07,7DA1-A202
866,Table,Furniture,North,80391.0,2.0,2027-02-08,4875-109B
867,Printer,Electronics,West,42236.0,5.0,2027-02-09,B375-26A9
868,Phone,Electronics,East,88386.0,3.0,2027-02-10,7F61-2397
869,Laptop,Electronics,West,88130.0,5.0,2027-02-11,5839-7AE2
870,Printer,Electronics,North,59952.0,3.0,2027-02-12,AD1C-2AC5
871,Monitor,Electronics,East,37119.0,4.0,2027-02-13,4F28-CFAF
872,Desk,Furniture,East,49546.0,3.0,2027-02-14,0FE8-B881
873,Printer,Electronics,East,99418.0,1.0,2027-02-15,FAB0-2FF2
874,Laptop,Electronics,West,29796.0,3.0,2027-02-16,12A7-AFD6
875,Desk,Furniture,South,81938.0,2.0,2027-02-17,7E76-154C
876,Printer,Electronics,South,99426.0,2.0,2027-02-18,2F04-931F
877,Printer,Electronics,North,85370.0,3.0,2027-02-19,5B11-3DB3
878,Laptop,Electronics,North,17244.0,2.0,2027-02-20,7A5A-CC91
879,Chair,Furniture,South,85307.0,5.0,2027-02-21,FB1F-9947
880,Phone,Electronics,West,50177.0,3.0,2027-02-22,E72B-64FA
881,Desk,Furniture,North,25151.0,2.0,2027-02-23,0AE7-DDE2
882,Laptop,Electronics,North,61098.0,5.0,2027-02-24,F80F-29CB
883,Chair,Furniture,North,31391.0,3.0,2027-02-25,6542-3E93
884,Headphones,Electronics,North,78352.0,5.0,2027-02-26,1914-B934
885,Table,Furniture,South,94066.0,1.0,2027-02-27,ADA1-966E
886,Headphones,Electronics,East,31510.0,4.0,2027-02-28,E151-8C7D
887,Printer,Electronics,West,75739.0,5.0,2027-03-01,7823-0217
888,Printer,Electronics,West,48196.0,2.0,2027-03-02,B148-55FB
889,Desk,Furniture,North,78982.0,5.0,2027-03-03,8EBD-B3E8
890,Printer,Electronics,North,78241.0,3.0,2027-03-04,CEE1-DA0F
891,Phone,Electronics,East,46586.0,2.0,2027-03-05,7A2A-0600
892,Monitor,Electronics,East,66542.0,1.0,2027-03-06,8CC3-0C6A
893,Printer,Electronics,West,83727.0,3.0,2027-03-07,5AC6-91D4
894,Printer,Electronics,North,29253.0,5.0,2027-03-08,1FE3-22BF
895,Headphones,Electronics,North,33862.0,3.0,2027-03-09,BDC5-51CF
896,Laptop,Electronics,South,23067.0,4.0,2027-03-10,5381-86E4
897,Table,Furniture,East,16835.0,1.0,2027-03-11,A161-29FC
898,Desk,Furniture,South,24540.0,2.0,2027-03-12,DB54-E47D
899,Desk,Furniture,West,35978.0,3.0,2027-03-13,4DDB-A84D
900,Headphones,Electronics,East,66136.0,1.0,2027-03-14,6376-F58F
901,Headphones,Electronics,North,45013.0,3.0,2027-03-15,82B4-8569
902,Desk,Furniture,North,84584.0,5.0,2027-03-16,CDAC-40FE
903,Printer,Electronics,South,14897.0,1.0,2027-03-17,A885-BF42
904,Phone,Electronics,West,86294.0,3.0,2027-03-18,90EB-69E4
905,Monitor,Electronics,West,73438.0,4.0,2027-03-19,97F7-5710
906,Monitor,Electronics,South,68651.0,4.0,2027-03-20,A862-3880
907,Phone,Electronics,North,98474.0,3.0,2027-03-21,B670-21B2
908,Chair,Furniture,North,31601.0,1.0,2027-03-22,D933-AAC4
909,Table,Furniture,North,17570.0,3.0,2027-03-23,FA48-B743
910,Printer,Electronics,South,90694.0,4.0,2027-03-24,4FBA-4591
911,Phone,Electronics,West,75343.0,3.0,2027-03-25,1EEB-ABF7
912,Table,Furniture,North,80391.0,2.0,2027-03-26,37EE-004B
913,Printer,Electronics,West,42236.0,5.0,2027-03-27,78C8-02B8
914,Phone,Electronics,East,88386.0,3.0,2027-03-28,0FBB-4ABE
915,Laptop,Electronics,West,88130.0,5.0,2027-03-29,B98B-4689
916,Printer,Electronics,North,59952.0,3.0,2027-03-30,E676-215C
917,Monitor,Electronics,East,37119.0,4.0,2027-03-31,C2BF-D441
918,Desk,Furniture,East,49546.0,3.0,2027-04-01,656C-09EA
919,Printer,Electronics,East,99418.0,1.0,2027-04-02,CF5D-0E32
920,Laptop,Electronics,West,29796.0,3.0,2027-04-03,284C-8CB0
921,Desk,Furniture,South,81938.0,2.0,2027-04-04,2796-828F
922,Printer,Electronics,South,99426.0,2.0,2027-04-05,0A4E-1A4A
923,Printer,Electronics,North,85370.0,3.0,2027-04-06,D471-4BFF
924,Laptop,Electronics,North,17244.0,2.0,2027-04-07,E268-61EB
925,Chair,Furniture,South,85307.0,5.0,2027-04-08,DE22-FB63
926,Phone,Electronics,West,50177.0,3.0,2027-04-09,1BCC-100B
927,Desk,Furniture,North,25151.0,2.0,2027-04-10,4A0E-3728
928,Laptop,Electronics,North,61098.0,5.0,2027-04-11,4FD5-CC71
929,Chair,Furniture,North,31391.0,3.0,2027-04-12,2A9F-6BD2
930,Headphones,Electronics,North,78352.0,5.0,2027-04-13,FAD6-EAA3
931,Table,Furniture,South,94066.0,1.0,2027-04-14,70CB-4A9B
932,Headphones,Electronics,East,31510.0,4.0,2027-04-15,4236-4F51
933,Printer,Electronics,West,75739.0,5.0,2027-04-16,0C6D-2825
934,Printer,Electronics,West,48196.0,2.0,2027-04-17,24DD-6D7C
935,Desk,Furniture,North,78982.0,5.0,2027-04-18,3CFD-6622
936,Printer,Electronics,North,78241.0,3.0,2027-04-19,F72A-48DD
937,Phone,Electronics,East,46586.0,2.0,2027-04-20,1799-5B3F
938,Monitor,Electronics,East,66542.0,1.0,2027-04-21,EDC5-6FB7
939,Printer,Electronics,West,83727.0,3.0,2027-04-22,8291-DE04
940,Printer,Electronics,North,29253.0,5.0,2027-04-23,0C37-B7CF
941,Headphones,Electronics,North,33862.0,3.0,2027-04-24,E480-FF03
942,Laptop,Electronics,South,23067.0,4.0,2027-04-25,18CE-8F30
943,Table,Furniture,East,16835.0,1.0,2027-04-26,7F5B-92AD
944,Desk,Furniture,South,24540.0,2.0,2027-04-27,676C-C884
945,Desk,Furniture,West,35978.0,3.0,2027-04-28,B56D-46CE
946,Headphones,Electronics,East,66136.0,1.0,2027-04-29,6B5B-8080
947,Headphones,Electronics,North,45013.0,3.0,2027-04-30,C62F-44EF
948,Desk,Furniture,North,84584.0,5.0,2027-05-01,1E4A-5810
949,Printer,Electronics,South,14897.0,1.0,2027-05-02,3EDA-3BDE
950,Phone,Electronics,West,86294.0,3.0,2027-05-03,7EF0-2BF4
951,Monitor,Electronics,West,73438.0,4.0,2027-05-04,3DCC-7FA4
952,Monitor,Electronics,South,68651.0,4.0,2027-05-05,E8EF-FA89
953,Phone,Electronics,South,98474.0,3.0,2027-05-06,3A96-07A5
954,Chair,Furniture,North,31601.0,1.0,2027-05-07,AE73-B863
955,Table,Furniture,North,17570.0,3.0,2027-05-08,C8FA-B6FE
956,Printer,Electronics,South,90694.0,4.0,2027-05-09,7269-88EC
957,Phone,Electronics,West,75343.0,3.0,2027-05-10,3E3B-681D
958,Table,Furniture,North,80391.0,2.0,2027-05-11,7054-B62C
959,Printer,Electronics,West,42236.0,5.0,2027-05-12,9756-3EAB
960,Phone,Electronics,East,88386.0,3.0,2027-05-13,4304-4B4E
961,Laptop,Electronics,West,88130.0,5.0,2027-05-14,4CA1-F139
962,Printer,Electronics,North,59952.0,3.0,2027-05-15,8892-77D8
963,Monitor,Electronics,East,37119.0,4.0,2027-05-16,D061-5CAD
964,Desk,Furniture,East,49546.0,3.0,2027-05-17,BD94-98E0
965,Printer,Electronics,East,99418.0,1.0,2027-05-18,2C0F-AAE2
966,Laptop,Electronics,West,29796.0,3.0,2027-05-19,ABB0-9B03
967,Desk,Furniture,South,81938.0,2.0,2027-05-20,F2BA-F63A
968,Printer,Electronics,South,99426.0,2.0,2027-05-21,6543-091E
969,Printer,Electronics,North,85370.0,3.0,2027-05-22,EAB1-2EB2
970,Laptop,Electronics,North,17244.0,2.0,2027-05-23,1158-9E23
971,Chair,Furniture,South,85307.0,5.0,2027-05-24,3476-CA56
972,Phone,Electronics,West,50177.0,3.0,2027-05-25,4CD7-B91C
973,Desk,Furniture,North,25151.0,2.0,2027-05-26,6BAB-8D77
974,Laptop,Electronics,North,61098.0,5.0,2027-05-27,FADC-21F2
975,Chair,Furniture,North,31391.0,3.0,2027-05-28,2E25-987F
976,Headphones,Electronics,North,78352.0,5.0,2027-05-29,9E8E-F2FF
977,Table,Furniture,South,94066.0,1.0,2027-05-30,2637-BDCD
978,Headphones,Electronics,East,31510.0,4.0,2027-05-31,342B-0932
979,Printer,Electronics,West,75739.0,5.0,2027-06-01,ACA5-348E
980,Printer,Electronics,West,48196.0,2.0,2027-06-02,6DEB-F440
981,Desk,Furniture,North,78982.0,5.0,2027-06-03,354B-3BC6
982,Printer,Electronics,North,78241.0,3.0,2027-06-04,C95B-FE97
983,Phone,Electronics,East,46586.0,2.0,2027-06-05,EB81-3E51
984,Monitor,Electronics,East,66542.0,1.0,2027-06-06,2D25-CAE8
985,Printer,Electronics,West,83727.0,3.0,2027-06-07,494B-7047
986,Printer,Electronics,North,29253.0,5.0,2027-06-08,0846-2064
987,Headphones,Electronics,North,33862.0,3.0,2027-06-09,9862-8904
988,Laptop,Electronics,South,23067.0,4.0,2027-06-10,95E0-CCA0
989,Table,Furniture,East,16835.0,1.0,2027-06-11,68C4-272C
990,Desk,Furniture,South,24540.0,2.0,2027-06-12,0742-C802
991,Desk,Furniture,West,35978.0,3.0,2027-06-13,1D74-2661
992,Headphones,Electronics,East,66136.0,1.0,2027-06-14,F4A3-2126
993,Headphones,Electronics,North,45013.0,3.0,2027-06-15,24FA-A637
994,Desk,Furniture,North,84584.0,5.0,2027-06-16,9071-14B2
995,Printer,Electronics,South,14897.0,1.0,2027-06-17,9624-0464
996,Phone,Electronics,West,86294.0,3.0,2027-06-18,7B96-B655
997,Monitor,Electronics,West,73438.0,4.0,2027-06-19,DE7D-7757
998,Monitor,Electronics,South,68651.0,4.0,2027-06-20,0CFA-28A3
999,Phone,Electronics,South,98474.0,3.0,2027-06-21,6828-1F30
1000,Chair,Furniture,North,31601.0,1.0,2027-06-22,A4E5-CE62
1001,Table,Furniture,North,17570.0,3.0,2027-06-23,2926-D386
1002,Printer,Electronics,South,90694.0,4.0,2027-06-24,1FAC-768D
1003,Phone,Electronics,West,75343.0,3.0,2027-06-25,60A3-AFA2
1004,Table,Furniture,North,80391.0,2.0,2027-06-26,3B11-DF28
1005,Printer,Electronics,West,42236.0,5.0,2027-06-27,4FAC-96CB
1006,Phone,Electronics,East,88386.0,3.0,2027-06-28,EFA2-B2D0
1007,Laptop,Electronics,West,88130.0,5.0,2027-06-29,200B-1979
1008,Printer,Electronics,North,59952.0,3.0,2027-06-30,8EF9-CECD
1009,Monitor,Electronics,East,37119.0,4.0,2027-07-01,B5C6-A760
1010,Desk,Furniture,East,49546.0,3.0,2027-07-02,8DB6-5FC6
1011,Printer,Electronics,East,99418.0,1.0,2027-07-03,AFE1-76D3
1012,Laptop,Electronics,West,29796.0,3.0,2027-07-04,E927-46D7
1013,Desk,Furniture,South,81938.0,2.0,2027-07-05,A859-9A84
1014,Printer,Electronics,South,99426.0,2.0,2027-07-06,E55D-FCA0
1015,Printer,Electronics,North,85370.0,3.0,2027-07-07,9385-321B
1016,Laptop,Electronics,North,17244.0,2.0,2027-07-08,B529-2745
1017,Chair,Furniture,South,85307.0,5.0,2027-07-09,EF95-30A5
1018,Phone,Electronics,West,50177.0,3.0,2027-07-10,86E9-319B
1019,Desk,Furniture,North,25151.0,2.0,2027-07-11,9C27-3F5C
1020,Laptop,Electronics,North,61098.0,5.0,2027-07-12,54D0-5A71
1021,Chair,Furniture,North,31391.0,3.0,2027-07-13,3044-EB49
1022,Headphones,Electronics,North,78352.0,5.0,2027-07-14,C560-23D6
1023,Table,Furniture,South,94066.0,1.0,2027-07-15,EE12-1C73
1024,Headphones,Electronics,East,31510.0,4.0,2027-07-16,91C6-564B
1025,Printer,Electronics,West,75739.0,5.0,2027-07-17,A0EC-C4AE
1026,Printer,Electronics,West,48196.0,2.0,2027-07-18,84D8-1A04
1027,Desk,Furniture,North,78982.0,5.0,2027-07-19,DA17-A31F
1028,Printer,Electronics,North,78241.0,3.0,2027-07-20,AB3B-98D9
1029,Phone,Electronics,East,46586.0,2.0,2027-07-21,37D7-54B9
1030,Monitor,Electronics,East,66542.0,1.0,2027-07-22,9C7D-E1B1
1031,Printer,Electronics,West,83727.0,3.0,2027-07-23,5EB3-47F6
1032,Printer,Electronics,North,29253.0,5.0,2027-07-24,43DD-6998
1033,Headphones,Electronics,North,33862.0,3.0,2027-07-25,F1A8-7140
1034,Laptop,Electronics,South,23067.0,4.0,2027-07-26,F546-D965
1035,Table,Furniture,East,16835.0,1.0,2027-07-27,4BED-C7C2
1036,Desk,Furniture,South,24540.0,2.0,2027-07-28,040C-EDED
1037,Desk,Furniture,North,35978.0,3.0,2027-07-29,B34E-95FF
1038,Headphones,Electronics,East,66136.0,1.0,2027-07-30,449E-0EB7
1039,Headphones,Electronics,North,45013.0,3.0,2027-07-31,0FC3-2572
1040,Desk,Furniture,North,84584.0,5.0,2027-08-01,29AC-099C
1041,Printer,Electronics,South,14897.0,1.0,2027-08-02,A42A-4000
1042,Phone,Electronics,West,86294.0,3.0,2027-08-03,F83C-CA1D
1043,Monitor,Electronics,West,73438.0,4.0,2027-08-04,08E4-D3D5
1044,Monitor,Electronics,South,68651.0,4.0,2027-08-05,2B5B-7A52
1045,Phone,Electronics,South,98474.0,3.0,2027-08-06,66D5-3142
1046,Chair,Furniture,North,31601.0,1.0,2027-08-07,0F53-9877
1047,Table,Furniture,North,17570.0,3.0,2027-08-08,4D95-ECAD
1048,Printer,Electronics,South,90694.0,4.0,2027-08-09,D8B3-30D2
1049,Phone,Electronics,West,75343.0,3.0,2027-08-10,29C2-1A3F
1050,Table,Furniture,North,80391.0,2.0,2027-08-11,BC5E-3B7B
1051,Printer,Electronics,West,42236.0,5.0,2027-08-12,7A1F-F1A3
1052,Phone,Electronics,East,88386.0,3.0,2027-08-13,AB61-2A7E
1053,Laptop,Electronics,West,88130.0,5.0,2027-08-14,5A29-B9F4
1054,Printer,Electronics,North,59952.0,3.0,2027-08-15,939F-2461
1055,Monitor,Electronics,East,37119.0,4.0,2027-08-16,98EE-8547
1056,Desk,Furniture,East,49546.0,3.0,2027-08-17,E071-137E
1057,Printer,Electronics,East,99418.0,1.0,2027-08-18,BD33-DB2F
1058,Laptop,Electronics,West,29796.0,3.0,2027-08-19,5000-8203
1059,Desk,Furniture,South,81938.0,2.0,2027-08-20,626D-4669
1060,Printer,Electronics,South,99426.0,2.0,2027-08-21,A067-9F4F
1061,Printer,Electronics,North,85370.0,3.0,2027-08-22,E210-F193
1062,Laptop,Electronics,North,17244.0,2.0,2027-08-23,9DB8-F763
1063,Chair,Furniture,South,85307.0,5.0,2027-08-24,E28D-424B
1064,Phone,Electronics,West,50177.0,3.0,2027-08-25,D8F6-DED3
1065,Desk,Furniture,North,25151.0,2.0,2027-08-26,4BE1-4A7B
1066,Laptop,Electronics,North,61098.0,5.0,2027-08-27,8182-6AE6
1067,Chair,Furniture,North,31391.0,3.0,2027-08-28,E55E-9436
1068,Headphones,Electronics,North,78352.0,5.0,2027-08-29,F9BA-C7C8
1069,Table,Furniture,South,94066.0,1.0,2027-08-30,9ED3-ED64
1070,Headphones,Electronics,East,31510.0,4.0,2027-08-31,9A9B-630B
1071,Printer,Electronics,West,75739.0,5.0,2027-09-01,3C73-12A0
1072,Printer,Electronics,West,48196.0,2.0,2027-09-02,D9AE-B32C
1073,Desk,Furniture,North,78982.0,5.0,2027-09-03,A072-D80B
1074,Printer,Electronics,North,78241.0,3.0,2027-09-04,781F-6C21
1075,Phone,Electronics,East,46586.0,2.0,2027-09-05,E8D3-CABA
1076,Monitor,Electronics,East,66542.0,1.0,2027-09-06,666A-B076
1077,Printer,Electronics,West,83727.0,3.0,2027-09-07,6010-A052
1078,Printer,Electronics,North,29253.0,5.0,2027-09-08,F0C3-4859
1079,Headphones,Electronics,North,33862.0,3.0,2027-09-09,0317-B7BC
1080,Laptop,Electronics,South,23067.0,4.0,2027-09-10,AFA8-5058
1081,Table,Furniture,East,16835.0,1.0,2027-09-11,0E85-1FC5
1082,Desk,Furniture,South,24540.0,2.0,2027-09-12,874D-5D4C
1083,Desk,Furniture,West,35978.0,3.0,2027-09-13,6C42-A719
1084,Headphones,Electronics,East,66136.0,1.0,2027-09-14,7BA2-EBDE
1085,Headphones,Electronics,North,45013.0,3.0,2027-09-15,00B0-F199
1086,Desk,Furniture,North,84584.0,5.0,2027-09-16,6C7E-91CB
1087,Printer,Electronics,South,14897.0,1.0,2027-09-17,4D07-1452
1088,Phone,Electronics,West,86294.0,3.0,2027-09-18,68D1-F434
1089,Monitor,Electronics,West,73438.0,4.0,2027-09-19,D4DF-162F
1090,Monitor,Electronics,South,68651.0,4.0,2027-09-20,BC43-E62B
1091,Phone,Electronics,South,98474.0,3.0,2027-09-21,017D-0B97
1092,Chair,Furniture,North,31601.0,1.0,2027-09-22,5AD2-3B02
1093,Table,Furniture,North,17570.0,3.0,2027-09-23,138C-2AEA
1094,Printer,Electronics,South,90694.0,4.0,2027-09-24,4049-CF88
1095,Phone,Electronics,West,75343.0,3.0,2027-09-25,0FEB-B474
1096,Table,Furniture,North,80391.0,2.0,2027-09-26,CC1D-5D73
1097,Printer,Electronics,West,42236.0,5.0,2027-09-27,AACC-8B93
1098,Phone,Electronics,East,88386.0,3.0,2027-09-28,D962-9E69
1099,Laptop,Electronics,West,88130.0,5.0,2027-09-29,0592-D909
1100,Printer,Electronics,North,59952.0,3.0,2027-09-30,3E42-57C8
1101,Monitor,Electronics,East,37119.0,4.0,2027-10-01,6313-8E62
1102,Desk,Furniture,East,49546.0,3.0,2027-10-02,437C-4AD0
1103,Printer,Electronics,East,99418.0,1.0,2027-10-03,03D9-FF08
1104,Laptop,Electronics,West,29796.0,3.0,2027-10-04,86C5-8987
1105,Desk,Furniture,South,81938.0,2.0,2027-10-05,A1AB-EE7C
1106,Printer,Electronics,South,99426.0,2.0,2027-10-06,5EE9-CFCF
1107,Printer,Electronics,North,85370.0,3.0,2027-10-07,4846-2EC2
1108,Laptop,Electronics,North,17244.0,2.0,2027-10-08,9112-D01B
1109,Chair,Furniture,South,85307.0,5.0,2027-10-09,7696-E50D
1110,Phone,Electronics,West,50177.0,3.0,2027-10-10,130F-32AB
1111,Desk,Furniture,North,25151.0,2.0,2027-10-11,1E20-2FFF
1112,Laptop,Electronics,North,61098.0,5.0,2027-10-12,D676-2084
1113,Chair,Furniture,North,31391.0,3.0,2027-10-13,1BEA-3835
1114,Headphones,Electronics,North,78352.0,5.0,2027-10-14,576B-6628
1115,Table,Furniture,South,94066.0,1.0,2027-10-15,3B2D-9E60
1116,Headphones,Electronics,East,31510.0,4.0,2027-10-16,5B0B-B105
1117,Printer,Electronics,West,75739.0,5.0,2027-10-17,BE07-BE80
1118,Printer,Electronics,West,48196.0,2.0,2027-10-18,5B38-57D2
1119,Desk,Furniture,North,78982.0,5.0,2027-10-19,EC6E-7F42
1120,Printer,Electronics,North,78241.0,3.0,2027-10-20,AE9F-5268
1121,Phone,Electronics,East,46586.0,2.0,2027-10-21,3F25-EF5E
1122,Monitor,Electronics,East,66542.0,1.0,2027-10-22,1E2C-A267
1123,Printer,Electronics,West,83727.0,3.0,2027-10-23,90C4-1053
1124,Printer,Electronics,North,29253.0,5.0,2027-10-24,0210-E0D8
1125,Headphones,Electronics,North,33862.0,3.0,2027-10-25,45FF-ACE6
1126,Laptop,Electronics,South,23067.0,4.0,2027-10-26,FADE-8191
1127,Table,Furniture,East,16835.0,1.0,2027-10-27,817D-28CE
1128,Desk,Furniture,South,24540.0,2.0,2027-10-28,47C9-BD11
1129,Desk,Furniture,West,35978.0,3.0,2027-10-29,E267-D788
1130,Headphones,Electronics,East,66136.0,1.0,2027-10-30,B3A4-91F0
1131,Headphones,Electronics,North,45013.0,3.0,2027-10-31,F877-3BF9
1132,Desk,Furniture,North,84584.0,5.0,2027-11-01,55DC-C0F0
1133,Printer,Electronics,South,14897.0,1.0,2027-11-02,AAD7-8DDC
1134,Printer,Electronics,North,58788.29367777023,3.0258503401360546,2027-11-03,6B7D-82DB
1135,Phone,Electronics,West,86294.0,3.0,2027-11-04,D014-7DB2
1136,Monitor,Electronics,West,73438.0,4.0,2027-11-05,61F3-DE78
1137,Monitor,Electronics,South,68651.0,4.0,2027-11-06,619D-D78F
1138,Phone,Electronics,South,98474.0,3.0,2027-11-07,E6D9-ADEE
1139,Chair,Furniture,North,31601.0,1.0,2027-11-08,06DE-E772
1140,Table,Furniture,North,17570.0,3.0,2027-11-09,C579-11D1
1141,Printer,Electronics,South,90694.0,4.0,2027-11-10,0172-B5D2
1142,Phone,Electronics,West,75343.0,3.0,2027-11-11,63E0-439B
1143,Table,Furniture,North,80391.0,2.0,2027-11-12,6957-5180
1144,Printer,Electronics,West,42236.0,5.0,2027-11-13,36A3-F0A5
1145,Phone,Electronics,East,88386.0,3.0,2027-11-14,9671-222C
1146,Laptop,Electronics,West,88130.0,5.0,2027-11-15,55A7-8D82
1147,Printer,Electronics,North,59952.0,3.0,2027-11-16,E6C8-D659
1148,Monitor,Electronics,East,37119.0,4.0,2027-11-17,46C8-1E24
1149,Desk,Furniture,East,49546.0,3.0,2027-11-18,F3A3-10CE
1150,Printer,Electronics,East,99418.0,1.0,2027-11-19,72D8-2284
1151,Laptop,Electronics,West,29796.0,3.0,2027-11-20,DE9A-5E67
1152,Desk,Furniture,South,81938.0,2.0,2027-11-21,F126-8059
1153,Printer,Electronics,South,99426.0,2.0,2027-11-22,BD70-7DAE
1154,Printer,Electronics,North,85370.0,3.0,2027-11-23,8640-414A
1155,Laptop,Electronics,North,17244.0,2.0,2027-11-24,F578-F0C8
1156,Chair,Furniture,South,85307.0,5.0,2027-11-25,7F24-55A3
1157,Phone,Electronics,West,50177.0,3.0,2027-11-26,0B49-32CD
1158,Desk,Furniture,North,25151.0,2.0,2027-11-27,991F-BAF4
1159,Laptop,Electronics,North,61098.0,5.0,2027-11-28,BAE6-B5DE
1160,Chair,Furniture,North,31391.0,3.0,2027-11-29,CFE3-312D
1161,Headphones,Electronics,North,78352.0,5.0,2027-11-30,F532-0DAF
1162,Table,Furniture,South,94066.0,1.0,2027-12-01,EC4D-D0F3
1163,Headphones,Electronics,East,31510.0,4.0,2027-12-02,9461-9439
1164,Printer,Electronics,West,75739.0,5.0,2027-12-03,7CDB-25C4
1165,Printer,Electronics,West,48196.0,2.0,2027-12-04,E2A0-930A
1166,Desk,Furniture,North,78982.0,5.0,2027-12-05,FD95-9EEB
1167,Printer,Electronics,North,78241.0,3.0,2027-12-06,9536-9492
1168,Phone,Electronics,East,46586.0,2.0,2027-12-07,1A7C-19DB
1169,Monitor,Electronics,East,66542.0,1.0,2027-12-08,CA1B-0302
1170,Printer,Electronics,West,83727.0,3.0,2027-12-09,5795-08D3
1171,Printer,Electronics,North,29253.0,5.0,2027-12-10,06B9-B79D
1172,Headphones,Electronics,North,33862.0,3.0,2027-12-11,A89C-9A1E
1173,Laptop,Electronics,South,23067.0,4.0,2027-12-12,781E-4257
1174,Table,Furniture,East,16835.0,1.0,2027-12-13,2D04-D0A5
1175,Desk,Furniture,South,24540.0,2.0,2027-12-14,30CC-9AD8
1176,Desk,Furniture,West,35978.0,3.0,2027-12-15,C96B-43C7
1177,Headphones,Electronics,East,66136.0,1.0,2027-12-16,12E5-9BD1
1178,Headphones,Electronics,North,45013.0,3.0,2027-12-17,DF94-FD29
1179,Desk,Furniture,North,84584.0,5.0,2027-12-18,23E6-A67A
1180,Printer,Electronics,South,14897.0,1.0,2027-12-19,50FB-5702
1181,Printer,Electronics,North,58788.29367777023,3.0258503401360546,2027-12-20,04E6-6B61
1182,Printer,Electronics,North,78241.0,3.0,2027-12-21,3F5B-6277
1183,Phone,Electronics,East,46586.0,2.0,2027-12-22,489B-14EC
1184,Monitor,Electronics,East,66542.0,1.0,2027-12-23,0F2B-3457
1185,Printer,Electronics,West,83727.0,3.0,2027-12-24,3182-7F44
1186,Printer,Electronics,North,29253.0,5.0,2027-12-25,08AC-30AB
1187,Headphones,Electronics,North,33862.0,3.0,2027-12-26,1368-8327
1188,Laptop,Electronics,South,23067.0,4.0,2027-12-27,9758-DE2F
1189,Table,Furniture,East,16835.0,1.0,2027-12-28,10C9-925C
1190,Desk,Furniture,South,24540.0,2.0,2027-12-29,B76C-D9CE
1191,Desk,Furniture,West,35978.0,3.0,2027-12-30,56FC-5C6E
1192,Headphones,Electronics,East,66136.0,1.0,2027-12-31,218E-AB6F
1193,Headphones,Electronics,North,45013.0,3.0,2028-01-01,B0C2-0E3D
1194,Desk,Furniture,North,84584.0,5.0,2028-01-02,D1C6-25BE
1195,Printer,Electronics,South,14897.0,1.0,2028-01-03,801E-9D0E
1196,Phone,Electronics,West,86294.0,3.0,2028-01-04,48B9-8A61
1197,Monitor,Electronics,West,73438.0,4.0,2028-01-05,4C88-27A1
1198,Monitor,Electronics,South,68651.0,4.0,2028-01-06,C4F0-F933
1199,Phone,Electronics,South,98474.0,3.0,2028-01-07,8A18-9075
1200,Chair,Furniture,North,31601.0,1.0,2028-01-08,76FD-F574
1201,Table,Furniture,North,17570.0,3.0,2028-01-09,81C2-E188
1202,Printer,Electronics,South,90694.0,4.0,2028-01-10,C768-BBF8
1203,Phone,Electronics,West,75343.0,3.0,2028-01-11,8B79-18F1
1204,Table,Furniture,North,80391.0,2.0,2028-01-12,7FA1-BC64
1205,Printer,Electronics,West,42236.0,5.0,2028-01-13,6FA6-DBB9
1206,Phone,Electronics,East,88386.0,3.0,2028-01-14,4B7E-9DE5
1207,Laptop,Electronics,West,88130.0,5.0,2028-01-15,7B30-BAC8
1208,Printer,Electronics,North,59952.0,3.0,2028-01-16,F220-AAA6
1209,Monitor,Electronics,East,37119.0,4.0,2028-01-17,20BA-5868
1210,Desk,Furniture,East,49546.0,3.0,2028-01-18,E9AB-3F99
1211,Printer,Electronics,East,99418.0,1.0,2028-01-19,40BE-EEAF
1212,Laptop,Electronics,West,29796.0,3.0,2028-01-20,1787-DF90
1213,Desk,Furniture,South,81938.0,2.0,2028-01-21,3F3F-E438
1214,Printer,Electronics,South,99426.0,2.0,2028-01-22,F573-D043
1215,Printer,Electronics,North,85370.0,3.0,2028-01-23,8C57-8F84
1216,Laptop,Electronics,North,17244.0,2.0,2028-01-24,974D-9F8F
1217,Chair,Furniture,South,85307.0,5.0,2028-01-25,D92F-63AD
1218,Phone,Electronics,West,50177.0,3.0,2028-01-26,617A-5092
1219,Desk,Furniture,North,25151.0,2.0,2028-01-27,55FD-42E9
1220,Laptop,Electronics,North,61098.0,5.0,2028-01-28,9E87-533E
1221,Chair,Furniture,North,31391.0,3.0,2028-01-29,4C06-7031
1222,Headphones,Electronics,North,78352.0,5.0,2028-01-30,3D47-6A75
1223,Table,Furniture,South,94066.0,1.0,2028-01-31,AF5D-A8C8
1224,Headphones,Electronics,East,31510.0,4.0,2028-02-01,B0C8-E3DF
1225,Printer,Electronics,West,75739.0,5.0,2028-02-02,AA19-95BD
1226,Printer,Electronics,West,48196.0,2.0,2028-02-03,B347-DA2D
1227,Desk,Furniture,North,78982.0,5.0,2028-02-04,AFC3-E23F
1228,Printer,Electronics,North,78241.0,3.0,2028-02-05,217C-7180
1229,Phone,Electronics,East,46586.0,2.0,2028-02-06,4FA9-D343
1230,Monitor,Electronics,East,66542.0,1.0,2028-02-07,A2AE-FD61
1231,Printer,Electronics,West,83727.0,3.0,2028-02-08,B0B9-19C6
1232,Printer,Electronics,North,29253.0,5.0,2028-02-09,AFDF-3DA8
1233,Headphones,Electronics,North,33862.0,3.0,2028-02-10,8533-B8FA
1234,Laptop,Electronics,South,23067.0,4.0,2028-02-11,ADB8-7B07
1235,Table,Furniture,East,16835.0,1.0,2028-02-12,0D60-C312
1236,Desk,Furniture,South,24540.0,2.0,2028-02-13,A6AA-56AE
1237,Desk,Furniture,West,35978.0,3.0,2028-02-14,31E1-001F
1238,Headphones,Electronics,East,66136.0,1.0,2028-02-15,6731-1425
1239,Headphones,Electronics,North,45013.0,3.0,2028-02-16,1A82-AF2C
1240,Desk,Furniture,North,84584.0,5.0,2028-02-17,D6BA-10A1
1241,Printer,Electronics,South,14897.0,1.0,2028-02-18,F3D0-41D1
1242,Phone,Electronics,West,86294.0,3.0,2028-02-19,1053-41B1
1243,Monitor,Electronics,West,73438.0,4.0,2028-02-20,BC21-2167
1244,Monitor,Electronics,South,68651.0,4.0,2028-02-21,DDAC-D5FD
1245,Phone,Electronics,South,98474.0,3.0,2028-02-22,8941-0BAC
1246,Chair,Furniture,North,31601.0,1.0,2028-02-23,AA3A-EC19
1247,Table,Furniture,North,17570.0,3.0,2028-02-24,DDBF-9C79
1248,Printer,Electronics,South,90694.0,4.0,2028-02-25,6819-65F3
1249,Phone,Electronics,West,75343.0,3.0,2028-02-26,3BAB-C57E
1250,Table,Furniture,North,80391.0,2.0,2028-02-27,BC20-368E
1251,Printer,Electronics,West,42236.0,5.0,2028-02-28,F3AE-DEF2
1252,Phone,Electronics,East,88386.0,3.0,2028-02-29,F5B1-A266
1253,Laptop,Electronics,West,88130.0,5.0,2028-03-01,2EB9-9D31
1254,Printer,Electronics,North,59952.0,3.0,2028-03-02,556B-374A
1255,Monitor,Electronics,East,37119.0,4.0,2028-03-03,0B9A-B6DE
1256,Desk,Furniture,East,49546.0,3.0,2028-03-04,D6F0-006B
1257,Printer,Electronics,East,99418.0,1.0,2028-03-05,51A4-EA6E
1258,Laptop,Electronics,West,29796.0,3.0,2028-03-06,3412-9077
1259,Desk,Furniture,South,81938.0,2.0,2028-03-07,6EB1-8442
1260,Printer,Electronics,South,99426.0,2.0,2028-03-08,954A-3829
1261,Printer,Electronics,North,85370.0,3.0,2028-03-09,4F1D-6F75
1262,Laptop,Electronics,North,17244.0,2.0,2028-03-10,2BE9-93DB
1263,Chair,Furniture,South,85307.0,5.0,2028-03-11,ED6C-4287
1264,Phone,Electronics,West,50177.0,3.0,2028-03-12,6A3B-A838
1265,Desk,Furniture,North,25151.0,2.0,2028-03-13,D4FD-785B
1266,Laptop,Electronics,North,61098.0,5.0,2028-03-14,BAA6-30C4
1267,Chair,Furniture,North,31391.0,3.0,2028-03-15,A81C-AB62
1268,Headphones,Electronics,North,78352.0,5.0,2028-03-16,001A-8F88
1269,Table,Furniture,South,94066.0,1.0,2028-03-17,86F7-CA91
1270,Headphones,Electronics,East,31510.0,4.0,2028-03-18,EC6A-DD76
1271,Printer,Electronics,West,75739.0,5.0,2028-03-19,F346-3882
1272,Printer,Electronics,West,48196.0,2.0,2028-03-20,BBEF-AC35
1273,Desk,Furniture,North,78982.0,5.0,2028-03-21,AF04-23EA
1274,Printer,Electronics,North,78241.0,3.0,2028-03-22,1A9A-17A3
1275,Phone,Electronics,East,46586.0,2.0,2028-03-23,E164-4C29
1276,Monitor,Electronics,East,66542.0,1.0,2028-03-24,C9F5-9B2C
1277,Printer,Electronics,West,83727.0,3.0,2028-03-25,F852-C94D
1278,Printer,Electronics,North,29253.0,5.0,2028-03-26,AD81-458F
1279,Headphones,Electronics,North,33862.0,3.0,2028-03-27,DD00-92BB
1280,Laptop,Electronics,South,23067.0,4.0,2028-03-28,3DBF-E552
1281,Table,Furniture,East,16835.0,1.0,2028-03-29,C14B-814C
1282,Desk,Furniture,South,24540.0,2.0,2028-03-30,1705-0DE5
1283,Desk,Furniture,West,58788.29367777023,3.0,2028-03-31,0BEE-FC20
1284,Headphones,Electronics,East,66136.0,1.0,2028-04-01,7815-7CAF
1285,Headphones,Electronics,North,45013.0,3.0,2028-04-02,9404-5428
1286,Desk,Furniture,North,84584.0,5.0,2028-04-03,5F99-4E0B
1287,Printer,Electronics,South,14897.0,1.0,2028-04-04,B70F-B17D
1288,Printer,Electronics,North,58788.29367777023,3.0258503401360546,2028-04-05,8CF5-DC74
1289,Phone,Electronics,West,86294.0,3.0,2028-04-06,11F9-3526
1290,Monitor,Electronics,West,73438.0,4.0,2028-04-07,054A-0B94
1291,Monitor,Electronics,South,68651.0,4.0,2028-04-08,3F9D-8094
1292,Phone,Electronics,South,98474.0,3.0,2028-04-09,F33A-9C7F
1293,Chair,Furniture,North,31601.0,1.0,2028-04-10,F991-17F5
1294,Table,Furniture,North,17570.0,3.0,2028-04-11,5F95-70A3
1295,Printer,Electronics,South,90694.0,4.0,2028-04-12,3CCD-CF5F
1296,Phone,Electronics,West,75343.0,3.0,2028-04-13,D5BA-1C8B
1297,Table,Furniture,North,80391.0,2.0,2028-04-14,1C86-C072
1298,Printer,Electronics,West,42236.0,5.0,2028-04-15,6064-D1F0
1299,Phone,Electronics,East,88386.0,3.0,2028-04-16,AD0D-E79F
1300,Laptop,Electronics,West,88130.0,5.0,2028-04-17,0375-2F04
1301,Printer,Electronics,North,59952.0,3.0,2028-04-18,D8FC-E2F7
1302,Monitor,Electronics,East,58788.29367777023,4.0,2028-04-19,5C56-DA86
1303,Desk,Furniture,East,49546.0,3.0,2028-04-20,DFDC-286C
1304,Printer,Electronics,East,99418.0,1.0,2028-04-21,7985-EB3D
1305,Laptop,Electronics,West,29796.0,3.0,2028-04-22,0C54-705D
1306,Desk,Furniture,South,81938.0,2.0,2028-04-23,E529-A8FA
1307,Printer,Electronics,South,99426.0,2.0,2028-04-24,4DE2-9EB3
1308,Printer,Electronics,North,85370.0,3.0,2028-04-25,37DA-C03F
1309,Laptop,Electronics,North,17244.0,2.0,2028-04-26,A663-B3DF
1310,Chair,Furniture,South,85307.0,5.0,2028-04-27,F9D2-5579
1311,Phone,Electronics,West,50177.0,3.0,2028-04-28,0C5B-2EF4
1312,Desk,Furniture,North,25151.0,2.0,2028-04-29,C509-6E46
1313,Laptop,Electronics,North,61098.0,5.0,2028-04-30,7AA0-5766
1314,Chair,Furniture,North,31391.0,3.0,2028-05-01,8E8F-DDC8
1315,Headphones,Electronics,North,78352.0,5.0,2028-05-02,03D5-622D
1316,Table,Furniture,South,94066.0,1.0,2028-05-03,C28E-0CC3
1317,Headphones,Electronics,East,31510.0,4.0,2028-05-04,EB66-D679
1318,Printer,Electronics,West,75739.0,5.0,2028-05-05,BEBB-3E92
1319,Printer,Electronics,West,48196.0,2.0,2028-05-06,E911-EAF3
1320,Desk,Furniture,North,78982.0,5.0,2028-05-07,0602-02AB
1321,Printer,Electronics,North,78241.0,3.0,2028-05-08,860E-0FA9
1322,Phone,Electronics,East,46586.0,2.0,2028-05-09,7A98-768E
1323,Monitor,Electronics,East,66542.0,1.0,2028-05-10,A5CD-8AB8
1324,Printer,Electronics,West,83727.0,3.0,2028-05-11,4268-9EAD
1325,Printer,Electronics,North,29253.0,5.0,2028-05-12,B324-A703
1326,Headphones,Electronics,North,33862.0,3.0,2028-05-13,A12D-DAF8
1327,Laptop,Electronics,South,23067.0,4.0,2028-05-14,135D-DF79
1328,Table,Furniture,East,16835.0,1.0,2028-05-15,078A-E0F5
1329,Desk,Furniture,South,24540.0,2.0,2028-05-16,401F-CC71
1330,Desk,Furniture,West,35978.0,3.0,2028-05-17,141B-D354
1331,Headphones,Electronics,East,66136.0,1.0,2028-05-18,2EC6-E2E0
1332,Headphones,Electronics,North,45013.0,3.0,2028-05-19,9F17-01F4
1333,Desk,Furniture,North,84584.0,5.0,2028-05-20,93FF-A33D
1334,Printer,Electronics,South,14897.0,1.0,2028-05-21,FD1A-92C2
1335,Desk,Furniture,South,24540.0,2.0,2028-05-22,A687-74F8
1336,Desk,Furniture,West,35978.0,3.0,2028-05-23,ECDA-E9F0
1337,Headphones,Electronics,East,66136.0,1.0,2028-05-24,22C9-83A6
1338,Headphones,Electronics,North,45013.0,3.0,2028-05-25,F469-0427
1339,Desk,Furniture,North,84584.0,5.0,2028-05-26,3051-927B
1340,Printer,Electronics,South,14897.0,1.0,2028-05-27,1EA5-85A8
1341,Printer,Electronics,North,58788.29367777023,3.0258503401360546,2028-05-28,E861-52CB
1342,Phone,Electronics,West,86294.0,3.0,2028-05-29,91C3-F892
1343,Monitor,Electronics,West,73438.0,4.0,2028-05-30,B6B9-E5BE
1344,Monitor,Electronics,South,68651.0,4.0,2028-05-31,5C28-D944
1345,Phone,Electronics,South,98474.0,3.0,2028-06-01,E8B6-8BAE
1346,Chair,Furniture,North,31601.0,1.0,2028-06-02,3A0A-B70A
1347,Table,Furniture,North,17570.0,3.0,2028-06-03,812D-7475
1348,Printer,Electronics,South,90694.0,4.0,2028-06-04,38D7-6BB9
1349,Phone,Electronics,West,75343.0,3.0,2028-06-05,28CA-379D
1350,Table,Furniture,North,80391.0,2.0,2028-06-06,7A23-F185
1351,Printer,Electronics,West,42236.0,5.0,2028-06-07,598D-E3B4
1352,Phone,Electronics,East,88386.0,3.0,2028-06-08,64C2-2806
1353,Laptop,Electronics,West,88130.0,5.0,2028-06-09,6BC3-7371
1354,Printer,Electronics,North,59952.0,3.0,2028-06-10,46E1-5086
1355,Monitor,Electronics,East,37119.0,4.0,2028-06-11,4626-5168
1356,Desk,Furniture,East,49546.0,3.0,2028-06-12,AA6C-B0D6
1357,Printer,Electronics,East,99418.0,1.0,2028-06-13,EFF6-9543
1358,Laptop,Electronics,West,29796.0,3.0,2028-06-14,56D1-790E
1359,Desk,Furniture,South,81938.0,2.0,2028-06-15,531D-788E
1360,Printer,Electronics,South,99426.0,2.0,2028-06-16,1480-131D
1361,Printer,Electronics,North,85370.0,3.0,2028-06-17,8700-828F
1362,Laptop,Electronics,North,17244.0,2.0,2028-06-18,9C71-61AE
1363,Chair,Furniture,South,85307.0,5.0,2028-06-19,B77D-2FBD
1364,Phone,Electronics,West,50177.0,3.0,2028-06-20,5A8A-1547
1365,Desk,Furniture,North,25151.0,2.0,2028-06-21,7CFC-C4DA
1366,Laptop,Electronics,North,61098.0,5.0,2028-06-22,A409-0113
1367,Chair,Furniture,North,31391.0,3.0,2028-06-23,543B-0EE5
1368,Headphones,Electronics,North,78352.0,5.0,2028-06-24,4795-4D3F
1369,Table,Furniture,South,94066.0,1.0,2028-06-25,BE54-B2AF
1370,Headphones,Electronics,East,31510.0,4.0,2028-06-26,2114-EC1F
1371,Printer,Electronics,West,75739.0,5.0,2028-06-27,CA98-86ED
1372,Printer,Electronics,West,48196.0,2.0,2028-06-28,5DBA-93C9
1373,Desk,Furniture,North,78982.0,5.0,2028-06-29,C3C0-349E
1374,Printer,Electronics,North,78241.0,3.0,2028-06-30,CAA0-3971
1375,Phone,Electronics,East,46586.0,2.0,2028-07-01,32F1-6903
1376,Monitor,Electronics,East,66542.0,1.0,2028-07-02,D186-CBF5
1377,Printer,Electronics,West,83727.0,3.0,2028-07-03,E681-7B57
1378,Printer,Electronics,North,29253.0,5.0,2028-07-04,14CF-051D
1379,Headphones,Electronics,North,33862.0,3.0,2028-07-05,6576-8773
1380,Laptop,Electronics,South,23067.0,4.0,2028-07-06,ECD4-3FF7
1381,Table,Furniture,East,16835.0,1.0,2028-07-07,B727-FCF9
1382,Desk,Furniture,South,24540.0,2.0,2028-07-08,26A0-5791
1383,Desk,Furniture,West,35978.0,3.0,2028-07-09,CF4C-5525
1384,Headphones,Electronics,East,66136.0,1.0,2028-07-10,F749-A0E8
1385,Headphones,Electronics,North,45013.0,3.0,2028-07-11,422B-53AC
1386,Desk,Furniture,North,84584.0,5.0,2028-07-12,AAD3-BCC1
1387,Printer,Electronics,South,14897.0,1.0,2028-07-13,F245-F338
1388,Desk,Furniture,South,24540.0,2.0,2028-07-14,921D-AE10
1389,Desk,Furniture,West,35978.0,3.0,2028-07-15,6280-B47F
1390,Headphones,Electronics,East,66136.0,1.0,2028-07-16,00E4-3D60
1391,Headphones,Electronics,North,45013.0,3.0,2028-07-17,E368-3CF3
1392,Desk,Furniture,North,84584.0,5.0,2028-07-18,7B84-8387
1393,Printer,Electronics,South,14897.0,1.0,2028-07-19,D380-A175
1394,Printer,Electronics,North,58788.29367777023,3.0258503401360546,2028-07-20,078D-B654
1395,Phone,Electronics,West,86294.0,3.0,2028-07-21,F1A4-58F5
1396,Monitor,Electronics,West,73438.0,4.0,2028-07-22,D6AB-ED90
1397,Monitor,Electronics,South,68651.0,4.0,2028-07-23,0D92-C1D0
1398,Phone,Electronics,South,98474.0,3.0,2028-07-24,A3AE-B510
1399,Chair,Furniture,North,31601.0,1.0,2028-07-25,C1BA-AB7C
1400,Table,Furniture,North,17570.0,3.0,2028-07-26,FBAF-649F
1401,Printer,Electronics,South,90694.0,4.0,2028-07-27,F45B-1442
1402,Phone,Electronics,West,75343.0,3.0,2028-07-28,DB6C-3B2F
1403,Table,Furniture,North,80391.0,2.0,2028-07-29,DC50-0336
1404,Printer,Electronics,West,42236.0,5.0,2028-07-30,D051-2C2D
1405,Phone,Electronics,East,88386.0,3.0,2028-07-31,FC2A-4F21
1406,Laptop,Electronics,West,88130.0,5.0,2028-08-01,4044-F6D4
1407,Printer,Electronics,North,59952.0,3.0,2028-08-02,380E-44B4
1408,Monitor,Electronics,East,37119.0,4.0,2028-08-03,D8E6-5593
1409,Desk,Furniture,East,49546.0,3.0,2028-08-04,116F-33F1
1410,Printer,Electronics,East,99418.0,1.0,2028-08-05,D210-D451
1411,Laptop,Electronics,West,29796.0,3.0,2028-08-06,7ED6-BEC8
1412,Desk,Furniture,South,81938.0,2.0,2028-08-07,C4F7-E118
1413,Printer,Electronics,South,99426.0,2.0,2028-08-08,1268-3038
1414,Printer,Electronics,North,85370.0,3.0,2028-08-09,6725-A678
1415,Laptop,Electronics,North,17244.0,2.0,2028-08-10,5154-0F13
1416,Chair,Furniture,South,85307.0,5.0,2028-08-11,6135-885F
1417,Phone,Electronics,West,50177.0,3.0,2028-08-12,E496-0D9E
1418,Desk,Furniture,North,25151.0,2.0,2028-08-13,DC3D-9231
1419,Laptop,Electronics,North,61098.0,5.0,2028-08-14,CE47-9991
1420,Chair,Furniture,North,31391.0,3.0,2028-08-15,B140-AF36
1421,Headphones,Electronics,North,78352.0,5.0,2028-08-16,B684-6C98
1422,Table,Furniture,South,94066.0,1.0,2028-08-17,30CC-0FDE
1423,Headphones,Electronics,East,31510.0,4.0,2028-08-18,5E73-CE19
1424,Printer,Electronics,West,75739.0,5.0,2028-08-19,E442-5985
1425,Printer,Electronics,West,48196.0,2.0,2028-08-20,6614-06D8
1426,Desk,Furniture,North,78982.0,5.0,2028-08-21,372C-E204
1427,Printer,Electronics,North,78241.0,3.0,2028-08-22,A4FE-424E
1428,Phone,Electronics,East,46586.0,2.0,2028-08-23,6A2B-42DB
1429,Monitor,Electronics,East,66542.0,1.0,2028-08-24,5021-423E
1430,Printer,Electronics,West,83727.0,3.0,2028-08-25,E3B6-49F8
1431,Printer,Electronics,North,29253.0,5.0,2028-08-26,04D3-B8D3
1432,Headphones,Electronics,North,33862.0,3.0,2028-08-27,964B-0E97
1433,Laptop,Electronics,South,23067.0,4.0,2028-08-28,2BF6-ACD3
1434,Table,Furniture,East,16835.0,1.0,2028-08-29,6163-2BE8
1435,Desk,Furniture,South,24540.0,2.0,2028-08-30,5982-CF7A
1436,Desk,Furniture,West,35978.0,3.0,2028-08-31,6051-1F41
1437,Headphones,Electronics,East,66136.0,1.0,2028-09-01,63BF-A86A
1438,Headphones,Electronics,North,45013.0,3.0,2028-09-02,6D1C-BAF1
1439,Desk,Furniture,North,84584.0,5.0,2028-09-03,CE3C-15A7
1440,Printer,Electronics,South,14897.0,1.0,2028-09-04,4A5B-6102
1441,Desk,Furniture,South,24540.0,2.0,2028-09-05,018B-DF1E
1442,Desk,Furniture,West,35978.0,3.0,2028-09-06,611A-F218
1443,Headphones,Electronics,East,66136.0,1.0,2028-09-07,9C97-B634
1444,Headphones,Electronics,North,45013.0,3.0,2028-09-08,39A2-9B0A
1445,Desk,Furniture,North,84584.0,5.0,2028-09-09,C472-DAAD
1446,Printer,Electronics,South,14897.0,1.0,2028-09-10,3E4A-F28F
1447,Printer,Electronics,North,58788.29367777023,3.0258503401360546,2028-09-11,1CB3-F7D7
1448,Phone,Electronics,West,86294.0,3.0,2028-09-12,F062-0B8F
1449,Monitor,Electronics,West,73438.0,4.0,2028-09-13,B005-602F
1450,Monitor,Electronics,South,68651.0,4.0,2028-09-14,A08B-F4B1
1451,Phone,Electronics,South,98474.0,3.0,2028-09-15,8695-09EC
1452,Chair,Furniture,North,31601.0,1.0,2028-09-16,7563-AFCC
1453,Table,Furniture,North,17570.0,3.0,2028-09-17,FF42-EA28
1454,Printer,Electronics,South,90694.0,4.0,2028-09-18,23B5-93C9
1455,Phone,Electronics,West,75343.0,3.0,2028-09-19,9160-043F
1456,Table,Furniture,North,80391.0,2.0,2028-09-20,45F9-3A37
1457,Printer,Electronics,West,42236.0,5.0,2028-09-21,542E-321D
1458,Phone,Electronics,East,88386.0,3.0,2028-09-22,06E8-4FD4
1459,Laptop,Electronics,West,88130.0,5.0,2028-09-23,06B1-2653
1460,Printer,Electronics,North,59952.0,3.0,2028-09-24,CB16-C876
1461,Monitor,Electronics,East,37119.0,4.0,2028-09-25,8A34-59DF
1462,Desk,Furniture,East,49546.0,3.0,2028-09-26,85B2-41F5
1463,Printer,Electronics,East,99418.0,1.0,2028-09-27,324B-F4DF
1464,Laptop,Electronics,West,29796.0,3.0,2028-09-28,8B55-CBEC
1465,Desk,Furniture,South,81938.0,2.0,2028-09-29,CABE-0B62
1466,Printer,Electronics,South,99426.0,2.0,2028-09-30,467E-977A
1467,Printer,Electronics,North,85370.0,3.0,2028-10-01,6FB9-A624
1468,Laptop,Electronics,North,17244.0,2.0,2028-10-02,EBF4-5928
1469,Chair,Furniture,South,85307.0,5.0,2028-10-03,60E6-B1D9
1470,Phone,Electronics,West,50177.0,3.0,2028-10-04,84D4-D4C3
1471,Printer,Electronics,North,59952.0,3.0,2028-09-24,CB16-C876
1472,Monitor,Electronics,East,37119.0,4.0,2028-09-25,8A34-59DF
1473,Desk,Furniture,East,49546.0,3.0,2028-09-26,85B2-41F5
1474,Printer,Electronics,East,99418.0,1.0,2028-09-27,324B-F4DF
1475,Laptop,Electronics,West,29796.0,3.0,2028-09-28,8B55-CBEC
1476,Desk,Furniture,South,81938.0,2.0,2028-09-29,CABE-0B62
1477,Printer,Electronics,South,99426.0,2.0,2028-09-30,467E-977A
1478,Printer,Electronics,North,85370.0,3.0,2028-10-01,6FB9-A624
1479,Laptop,Electronics,North,17244.0,2.0,2028-10-02,EBF4-5928
1480,Chair,Furniture,South,85307.0,5.0,2028-10-03,60E6-B1D9
1481,Phone,Electronics,West,50177.0,3.0,2028-10-04,84D4-D4C3
