SaleID,Product,Category,Region,Sales_Amount,Quantity,Date,EmployeeID
1,Printer,Electronics,South,55505,1,2/18/2025,3012-1A41
2,Monitor,Electronics,North,57128,,10/20/2024,CBCB-9C9D
3,Table,Furniture,West,84278,5,4/13/2025,95D7-1CE9
4,Table,,North,29179,1,3/3/2025,47A0-559B
5,Phone,Electronics,West,86294,3,10/29/2024,42CC-040A
6,Monitor,Electronics,West,73438,4,12/12/2024,C219-6C2E
7,Monitor,,South,68651,4,5/1/2025,D906-B674
8,Phone,Electronics,South,98474,3,9/17/2024,3C7D-86ED
9,Chair,Furniture,North,31601,1,9/12/2024,3D71-8DC2
10,Table,Furniture,North,17570,3,4/24/2025,5476-CA0D
11,Printer,Electronics,South,90694,4,10/1/2024,73CF-4956
12,Phone,Electronics,West,75343,3,11/4/2024,277A-A6FA
13,Table,Furniture,North,80391,2,12/3/2024,8BAB-B4A6
14,Printer,Electronics,West,42236,,9/27/2024,111D-E5EF
15,Phone,Electronics,East,88386,3,12/12/2024,97F4-0B14
16,Laptop,Electronics,West,88130,5,7/5/2025,5C03-1009
17,Printer,Electronics,North,59952,3,2/11/2025,BD1B-53A3
18,Monitor,Electronics,East,37119,4,10/14/2024,DFA9-990E
19,Desk,Furniture,East,49546,3,10/28/2024,ED73-F078
20,Printer,,East,99418,1,5/10/2025,C6EC-FEB5
21,Laptop,Electronics,West,29796,3,2/16/2025,D7EE-56FC
22,Desk,Furniture,South,81938,,8/2/2024,C395-8C36
23,Printer,Electronics,South,99426,!,6/25/2025,E348-E12B
24,Printer,Electronics,North,85370,3,4/10/2025,B3AF-7E58
25,Laptop,Electronics,North,17244,2,12/24/2024,469A-8121
26,Chair,Furniture,South,85307,5,3/20/2025,9E22-6287
27,Phone,Electronics,West,50177,3,9/9/2024,D5DA-363A
28,Desk,Furniture,North,25151,2,11/2/2024,BFF3-AADC
29,Laptop,Electronics,North,61098,5,7/2/2025,C0BE-FED0
30,Chair,Furniture,North,31391,3,6/25/2025,D565-284D
31,Headphones,Electronics,North,78352,5,1/27/2025,00D4-DD53
32,Table,Furniture,South,94066,1,12/18/2024,7FFD-C810
33,Headphones,Electronics,East,31510,4,4/18/2025,07B2-D67A
34,Printer,Electronics,West,75739,5,2/21/2025,1749-81A2
35,Printer,Electronics,West,48196,2,12/30/2024,FF14-A43E
36,Desk,,North,78982,5,1/28/2025,3CD6-5587
37,Printer,Electronics,North,78241,3,9/22/2024,4FC2-A40D
38,Phone,Electronics,East,46586,2,6/14/2025,9AAB-DCD0
39,Monitor,Electronics,East,66542,1,5/5/2025,427A-8C69
40,Printer,Electronics,West,83727,3,3/13/2025,A923-9EF6
41,Printer,Electronics,North,29253,5,7/19/2024,5C61-8F3A
42,Headphones,Electronics,North,33862,3,10/3/2024,CF2F-8CA3
43,Laptop,Electronics,South,23067,4,4/3/2025,40A9-8EB0
44,Table,Furniture,East,16835,1,1/5/2025,2E72-4BF1
45,Desk,Furniture,South,24540,2,11/28/2024,EE39-C8F2
46,Desk,Furniture,West,35978,3,8/16/2024,C0C7-A3EF
47,Headphones,Electronics,East,66136,1,2/13/2025,79F3-8AA5
48,Headphones,Electronics,North,45013,3,4/1/2025,9528-AA17
49,Desk,Furniture,North,84584,5,11/11/2024,9C71-34AE
50,Printer,Electronics,South,14897,1,11/14/2024,C79A-E5E1
51,Printer,,South,55505,1,11/15/2024,5468-EEE1
52,Monitor,Electronics,North,57128,4,11/16/2024,B50B-5A18
53,Table,Furniture,West,84278,5,11/17/2024,E4F4-11B9
54,Table,Furniture,North,29179,1,11/18/2024,586E-5C14
55,Phone,Electronics,West,86294,3,11/19/2024,8A40-C85A
56,Monitor,Electronics,West,73438,4,11/20/2024,2B08-7D3D
57,Monitor,Electronics,South,68651,4,11/21/2024,C96F-0F3B
58,Phone,Electronics,South,98474,3,11/22/2024,9DFE-1FD5
59,Chair,Furniture,North,31601,1,11/23/2024,C0A1-EB7D
60,Table,Furniture,North,17570,3,11/24/2024,5731-90E6
61,Printer,Electronics,South,90694,4,11/25/2024,FD3F-5255
62,Phone,Electronics,West,75343,3,11/26/2024,132B-F2B2
63,Table,Furniture,North,80391,2,11/27/2024,9DB2-76B3
64,Printer,,West,42236,5,11/28/2024,4969-9A35
65,Phone,Electronics,East,88386,3,11/29/2024,0CED-EE28
66,Laptop,Electronics,West,88130,5,11/30/2024,D077-169C
67,Printer,Electronics,North,59952,3,12/1/2024,63DA-AA21
68,Monitor,Electronics,East,37119,4,12/2/2024,ACA9-5DC2
69,Desk,Furniture,East,49546,3,12/3/2024,12B5-11CC
70,Printer,Electronics,East,99418,1,12/4/2024,00A3-2445
71,Laptop,Electronics,West,29796,3,12/5/2024,076F-8AA3
72,Desk,Furniture,South,81938,2,12/6/2024,3F19-FC5A
73,Printer,Electronics,South,99426,2,12/7/2024,8233-2483
74,Printer,Electronics,North,85370,3,12/8/2024,11AE-3E4D
75,Laptop,Electronics,North,17244,2,12/9/2024,151D-1FF2
76,Chair,Furniture,South,85307,5,12/10/2024,D584-4E31
77,Phone,Electronics,West,50177,3,12/11/2024,0FC8-561B
78,Desk,Furniture,North,25151,2,12/12/2024,A531-8159
79,Laptop,Electronics,North,61098,5,12/13/2024,E7A6-33A3
80,Chair,Furniture,North,31391,3,12/14/2024,1C87-44CB
81,Headphones,Electronics,North,78352,5,12/15/2024,6345-2F33
82,Table,,South,94066,1,12/16/2024,A2FB-2D5D
83,Headphones,Electronics,East,31510,4,12/17/2024,E5C1-B122
84,Printer,Electronics,West,75739,5,12/18/2024,462E-03DF
85,Printer,Electronics,West,48196,2,12/19/2024,C2DD-9D37
86,Desk,Furniture,North,78982,5,12/20/2024,AEDB-BB62
87,Printer,Electronics,North,78241,3,12/21/2024,88B8-EB84
88,Phone,Electronics,East,46586,2,12/22/2024,8822-B9C5
89,Monitor,Electronics,East,66542,1,12/23/2024,E8F5-C47D
90,Printer,Electronics,West,83727,3,12/24/2024,D696-9D82
91,Printer,Electronics,North,29253,5,12/25/2024,BE93-0736
92,Headphones,Electronics,North,33862,3,12/26/2024,0322-D46B
93,Laptop,Electronics,South,23067,4,12/27/2024,1E61-70EC
94,Table,Furniture,East,16835,1,12/28/2024,5222-EBE1
95,Desk,Furniture,South,24540,2,12/29/2024,DEBE-1622
96,Desk,,West,35978,3,12/30/2024,A366-C17A
97,Headphones,Electronics,East,66136,1,12/31/2024,2962-039F
98,Headphones,Electronics,North,45013,3,1/1/2025,21CB-EF3E
99,Desk,Furniture,North,84584,5,1/2/2025,9727-BC84
100,Printer,Electronics,South,14897,1,1/3/2025,68FB-06A7
101,Printer,Electronics,South,55505,1,1/4/2025,74F2-5C55
102,Monitor,Electronics,North,57128,4,1/5/2025,085C-7FC2
103,Table,Furniture,West,84278,5,1/6/2025,AB5F-244C
104,Table,Furniture,North,29179,1,1/7/2025,55D6-1423
105,Phone,Electronics,West,86294,3,1/8/2025,58C8-63FA
106,Monitor,,West,73438,4,1/9/2025,87D2-8B67
107,Monitor,Electronics,South,68651,4,1/10/2025,9FE1-0345
108,Phone,Electronics,South,98474,3,1/11/2025,EBBD-37D4
109,Chair,Furniture,North,31601,1,1/12/2025,9F65-F612
110,Table,Furniture,North,17570,3,1/13/2025,152E-8DB1
111,Printer,Electronics,South,90694,4,1/14/2025,3994-472A
112,Phone,Electronics,West,75343,3,1/15/2025,02DA-7A72
113,Table,Furniture,North,80391,2,1/16/2025,E1B4-9AA1
114,Printer,Electronics,West,42236,5,1/17/2025,8567-5B27
115,Phone,Electronics,East,88386,3,1/18/2025,5237-1B85
116,Laptop,Electronics,West,88130,5,1/19/2025,F93D-CB5A
117,Printer,Electronics,North,59952,3,1/20/2025,B785-D8F8
118,Monitor,Electronics,East,37119,4,1/21/2025,A9EB-9E41
119,Desk,,East,49546,3,1/22/2025,C25C-C434
120,Printer,Electronics,East,99418,1,1/23/2025,F265-79B0
121,Laptop,Electronics,West,29796,3,1/24/2025,9E7A-1F70
122,Desk,Furniture,South,81938,2,1/25/2025,D199-1896
123,Printer,Electronics,South,99426,2,1/26/2025,9AAD-D3C1
124,Printer,Electronics,North,85370,3,1/27/2025,9D7B-9B37
125,Laptop,Electronics,North,17244,2,1/28/2025,E9B9-3944
126,Chair,Furniture,South,85307,5,1/29/2025,4CCA-B1E6
127,Phone,Electronics,West,50177,3,1/30/2025,A4A4-F49C
128,Desk,Furniture,North,25151,2,1/31/2025,FE2B-3DC7
129,Laptop,Electronics,North,61098,5,2/1/2025,C6D7-A568
130,Chair,Furniture,North,31391,3,2/2/2025,3560-C117
131,Headphones,Electronics,North,78352,5,2/3/2025,9169-FC4B
132,Table,Furniture,South,94066,1,2/4/2025,49B2-0364
133,Headphones,Electronics,East,31510,4,2/5/2025,4404-DE5A
134,Printer,,West,75739,5,2/6/2025,F9B6-C80B
135,Printer,Electronics,West,48196,2,2/7/2025,B1EC-849B
136,Desk,Furniture,North,78982,5,2/8/2025,7B98-EA6F
137,Printer,Electronics,North,78241,3,2/9/2025,C385-CDBE
138,Phone,Electronics,East,46586,2,2/10/2025,64D6-0D5F
139,Monitor,Electronics,East,66542,1,2/11/2025,9085-1FE8
140,Printer,Electronics,West,83727,3,2/12/2025,9728-1A5B
141,Printer,Electronics,North,29253,5,2/13/2025,3EB2-9111
142,Headphones,Electronics,North,33862,3,2/14/2025,C330-DAF4
143,Laptop,Electronics,South,23067,4,2/15/2025,041A-31B0
144,Table,Furniture,East,16835,1,2/16/2025,8EE9-E86D
145,Desk,Furniture,South,24540,2,2/17/2025,692B-7152
146,Desk,Furniture,West,35978,3,2/18/2025,022A-0219
147,Headphones,Electronics,East,66136,1,2/19/2025,2F85-AF81
148,Headphones,Electronics,North,45013,3,2/20/2025,DFE3-6FA7
149,Desk,Furniture,North,84584,5,2/21/2025,5B08-EF96
150,Printer,Electronics,South,14897,1,2/22/2025,52DD-757F
151,Printer,Electronics,South,55505,1,2/23/2025,E7D3-03C9
152,Monitor,,North,57128,4,2/24/2025,7C80-94E0
153,Table,Furniture,West,84278,5,2/25/2025,EE04-1533
154,Table,Furniture,North,29179,1,2/26/2025,67ED-A630
155,Phone,Electronics,West,86294,3,2/27/2025,D351-C7E4
156,Monitor,Electronics,West,73438,4,2/28/2025,86E2-73D1
157,Monitor,Electronics,South,68651,4,3/1/2025,8583-9174
158,Phone,Electronics,South,98474,3,3/2/2025,6176-3BEE
159,Chair,Furniture,North,31601,1,3/3/2025,AF58-5D1B
160,Table,Furniture,North,17570,3,3/4/2025,16FB-8835
161,Printer,Electronics,South,90694,4,3/5/2025,A71E-A9DC
162,Phone,Electronics,West,75343,3,3/6/2025,CC2F-670E
163,Table,Furniture,North,80391,2,3/7/2025,67D7-9785
164,Printer,Electronics,West,42236,5,3/8/2025,F662-DEA5
165,Phone,Electronics,East,88386,3,3/9/2025,59DB-8465
166,Laptop,Electronics,West,88130,5,3/10/2025,96F4-896C
167,Printer,Electronics,North,59952,3,3/11/2025,8026-658D
168,Monitor,Electronics,East,37119,4,3/12/2025,F997-FE6C
169,Desk,Furniture,East,49546,3,3/13/2025,0C23-26DD
170,Printer,Electronics,East,99418,1,3/14/2025,7B9D-8612
171,Laptop,Electronics,West,29796,3,3/15/2025,B3FE-D332
172,Desk,Furniture,South,81938,2,3/16/2025,1054-9C3B
173,Printer,Electronics,South,99426,2,3/17/2025,1217-CE30
174,Printer,Electronics,North,85370,3,3/18/2025,4500-37EB
175,Laptop,Electronics,North,17244,2,3/19/2025,AB03-8820
176,Chair,Furniture,South,85307,5,3/20/2025,DF11-9C46
177,Phone,Electronics,West,50177,3,3/21/2025,9937-CDF7
178,Desk,Furniture,North,25151,2,3/22/2025,2BEA-43B2
179,Laptop,Electronics,North,61098,5,3/23/2025,0DBC-596E
180,Chair,Furniture,North,31391,3,3/24/2025,B09D-DFEC
181,Headphones,Electronics,North,78352,5,3/25/2025,8ED3-4377
182,Table,,South,94066,1,3/26/2025,C525-8BB9
183,Headphones,,East,31510,4,3/27/2025,1F0F-458C
184,Printer,,West,75739,5,3/28/2025,9D3C-DA45
185,Printer,,West,48196,2,3/29/2025,D13E-E661
186,Desk,Furniture,North,78982,5,3/30/2025,618D-7685
187,Printer,Electronics,North,78241,3,3/31/2025,9825-45EF
188,Phone,Electronics,East,46586,2,4/1/2025,1609-65E1
189,Monitor,Electronics,East,66542,1,4/2/2025,6965-C170
190,Printer,Electronics,West,83727,3,4/3/2025,F523-1135
191,Printer,Electronics,North,29253,5,4/4/2025,465A-91D1
192,Headphones,Electronics,North,33862,3,4/5/2025,2B7A-9C73
193,Laptop,Electronics,South,23067,4,4/6/2025,A2B5-823F
194,Table,Furniture,East,16835,1,4/7/2025,F838-C681
195,Desk,Furniture,South,24540,2,4/8/2025,7F91-C628
196,Desk,Furniture,West,35978,3,4/9/2025,565B-C207
197,Headphones,Electronics,East,66136,1,4/10/2025,4DA0-81D7
198,Headphones,Electronics,North,45013,3,4/11/2025,5818-560C
199,Desk,Furniture,North,84584,5,4/12/2025,1363-6BF9
200,Printer,Electronics,South,14897,1,4/13/2025,05B0-755F
201,Printer,Electronics,South,55505,1,4/14/2025,4C62-5BE8
202,Monitor,Electronics,North,57128,4,4/15/2025,2523-EFD4
203,Table,Furniture,West,84278,5,4/16/2025,21B3-8491
204,Table,Furniture,North,29179,1,4/17/2025,F3CD-9B5B
205,Phone,Electronics,West,86294,3,4/18/2025,DCFE-F601
206,Monitor,,West,73438,4,4/19/2025,DD78-E811
207,Monitor,Electronics,South,68651,4,4/20/2025,45D2-369E
208,Phone,Electronics,South,98474,3,4/21/2025,0D8F-C0F3
209,Chair,Furniture,North,31601,1,4/22/2025,6FE1-C8A8
210,Table,Furniture,North,17570,3,4/23/2025,AB81-A3A0
211,Printer,,South,90694,4,4/24/2025,6E7B-D50D
212,Phone,Electronics,West,75343,3,4/25/2025,307F-9BFA
213,Table,Furniture,North,80391,2,4/26/2025,7F1C-20B8
214,Printer,Electronics,West,42236,5,4/27/2025,606E-A262
215,Phone,Electronics,East,88386,3,4/28/2025,F890-975A
216,Laptop,Electronics,West,88130,5,4/29/2025,9C57-828C
217,Printer,Electronics,North,59952,3,4/30/2025,8CF6-3079
218,Monitor,Electronics,East,37119,4,5/1/2025,5021-95FC
219,Desk,Furniture,East,49546,3,5/2/2025,CD0F-DE05
220,Printer,Electronics,East,99418,1,5/3/2025,F430-0404
221,Laptop,Electronics,West,29796,3,5/4/2025,1F12-DDDA
222,Desk,Furniture,South,81938,2,5/5/2025,BFE7-5EA8
223,Printer,Electronics,South,99426,2,5/6/2025,549F-B3E7
224,Printer,Electronics,North,85370,3,5/7/2025,B303-8962
225,Laptop,,North,17244,2,5/8/2025,B48C-47D0
226,Chair,Furniture,South,85307,5,5/9/2025,CD4D-7BBA
227,Phone,Electronics,West,50177,3,5/10/2025,7349-CCE0
228,Desk,,North,25151,2,5/11/2025,4316-C080
229,Laptop,Electronics,North,61098,5,5/12/2025,279C-7342
230,Chair,Furniture,North,31391,3,5/13/2025,819A-2C9C
231,Headphones,Electronics,North,78352,5,5/14/2025,9811-F345
232,Table,Furniture,South,94066,1,5/15/2025,A954-6310
233,Headphones,Electronics,East,31510,4,5/16/2025,8ACE-C5CE
234,Printer,Electronics,West,75739,5,5/17/2025,8365-EB74
235,Printer,Electronics,West,48196,2,5/18/2025,2A04-49D1
236,Desk,Furniture,North,78982,5,5/19/2025,52CC-3E9E
237,Printer,,North,78241,3,5/20/2025,5B0E-31FB
238,Phone,Electronics,East,46586,2,5/21/2025,ED49-73D3
239,Monitor,Electronics,East,66542,1,5/22/2025,B013-7D0C
240,Printer,Electronics,West,83727,3,5/23/2025,134B-4157
241,Printer,Electronics,North,29253,5,5/24/2025,AB4A-E71A
242,Headphones,Electronics,North,33862,3,5/25/2025,03EF-5904
243,Laptop,Electronics,South,23067,4,5/26/2025,0C7B-2EA6
244,Table,Furniture,East,16835,1,5/27/2025,1D35-190A
245,Desk,Furniture,South,24540,2,5/28/2025,0868-097F
246,Desk,Furniture,West,35978,3,5/29/2025,4B6E-3C21
247,Headphones,Electronics,East,66136,1,5/30/2025,46ED-4007
248,Headphones,Electronics,North,45013,3,5/31/2025,2E9A-BD2E
249,Desk,Furniture,North,84584,5,6/1/2025,CEE0-94C3
250,Printer,,South,14897,1,6/2/2025,A690-3D5D
251,Printer,Electronics,South,55505,1,6/3/2025,7335-4656
252,Monitor,Electronics,North,57128,4,6/4/2025,327B-F6D3
253,Table,Furniture,West,84278,5,6/5/2025,AA87-13D8
254,Table,Furniture,North,29179,1,6/6/2025,56A5-271B
255,Phone,Electronics,West,86294,3,6/7/2025,528C-3E0D
256,Monitor,Electronics,West,73438,4,6/8/2025,7A8C-2DD3
257,Monitor,Electronics,South,68651,4,6/9/2025,4886-62DF
258,Phone,Electronics,South,98474,3,6/10/2025,64BA-99F0
259,Chair,Furniture,North,31601,1,6/11/2025,7EE7-2C43
260,Table,Furniture,North,17570,3,6/12/2025,B990-35DA
261,Printer,Electronics,South,90694,4,6/13/2025,6CAD-47F0
262,Phone,Electronics,West,75343,3,6/14/2025,C730-6B13
263,Table,Furniture,North,80391,2,6/15/2025,38EB-ADBD
264,Printer,Electronics,West,42236,5,6/16/2025,774E-685D
265,Phone,Electronics,East,88386,3,6/17/2025,CF8D-7379
266,Laptop,Electronics,West,88130,5,6/18/2025,D836-B375
267,Printer,Electronics,North,59952,3,6/19/2025,60B5-48ED
268,Monitor,Electronics,East,37119,4,6/20/2025,211E-BC82
269,Desk,Furniture,East,49546,3,6/21/2025,C54B-DBC5
270,Printer,Electronics,East,99418,1,6/22/2025,6F3E-2A75
271,Laptop,Electronics,West,29796,3,6/23/2025,C1C6-F683
272,Desk,Furniture,South,81938,2,6/24/2025,8663-3E02
273,Printer,,South,99426,2,6/25/2025,FBC2-C5FA
274,Printer,Electronics,North,85370,3,6/26/2025,B52E-BF41
275,Laptop,Electronics,North,17244,2,6/27/2025,D6A7-EF72
276,Chair,,South,85307,5,6/28/2025,12F7-BCBB
277,Phone,Electronics,West,50177,3,6/29/2025,1359-BEE3
278,Desk,Furniture,North,25151,2,6/30/2025,1C24-233B
279,Laptop,Electronics,North,61098,5,7/1/2025,DE6C-86FC
280,Chair,Furniture,North,31391,3,7/2/2025,637B-DBAD
281,Headphones,Electronics,North,78352,5,7/3/2025,79F7-78EC
282,Table,Furniture,South,94066,1,7/4/2025,E324-1C33
283,Headphones,Electronics,East,31510,4,7/5/2025,81BE-17CD
284,Printer,Electronics,West,75739,5,7/6/2025,2C7D-F9F1
285,Printer,Electronics,West,48196,2,7/7/2025,0F83-39C1
286,Desk,Furniture,North,78982,5,7/8/2025,A91B-7DC5
287,Printer,Electronics,North,78241,3,7/9/2025,825E-0B3A
288,Phone,,East,46586,2,7/10/2025,D2BE-E6F6
289,Monitor,Electronics,East,66542,1,7/11/2025,C025-B8B6
290,Printer,Electronics,West,83727,3,7/12/2025,F4D2-F6F2
291,Printer,Electronics,North,29253,5,7/13/2025,F72D-261D
292,Headphones,Electronics,North,33862,3,7/14/2025,A807-DE5D
293,Laptop,Electronics,South,23067,4,7/15/2025,CBB3-0D7E
294,Table,Furniture,East,16835,1,7/16/2025,2551-DD9B
295,Desk,Furniture,South,24540,2,7/17/2025,D39D-4015
296,Desk,Furniture,West,35978,3,7/18/2025,0697-ADC3
297,Headphones,Electronics,East,66136,1,7/19/2025,6112-8476
298,Headphones,Electronics,North,45013,3,7/20/2025,7378-5351
299,Desk,Furniture,North,84584,5,7/21/2025,D69C-8F84
300,Printer,Electronics,South,14897,1,7/22/2025,CACA-0D62
301,,,,,,7/23/2025,F93E-BDEF
302,Printer,,South,55505,1,7/24/2025,0145-DBFC
303,Monitor,Electronics,North,57128,4,7/25/2025,CD59-7F94
304,Table,Furniture,West,84278,5,7/26/2025,7B47-C915
305,Table,Furniture,North,29179,1,7/27/2025,15B3-F392
306,Phone,Electronics,West,86294,3,7/28/2025,9D01-8A02
307,Monitor,Electronics,West,73438,4,7/29/2025,2F98-E645
308,Monitor,Electronics,South,68651,4,7/30/2025,A31A-A90C
309,Phone,Electronics,South,98474,3,7/31/2025,80BE-E2B5
310,Chair,Furniture,North,31601,1,8/1/2025,F98B-61B3
311,Table,Furniture,North,17570,3,8/2/2025,6A0D-9C4D
312,Printer,Electronics,South,90694,4,8/3/2025,4D7E-BDA4
313,Phone,Electronics,West,75343,3,8/4/2025,6E64-8D30
314,Table,Furniture,North,80391,2,8/5/2025,B341-8D6A
315,Printer,Electronics,West,42236,5,8/6/2025,1180-BEC9
316,Phone,,East,88386,3,8/7/2025,5293-AC5C
317,Laptop,Electronics,West,88130,5,8/8/2025,D49C-096C
318,Printer,,North,59952,3,8/9/2025,4565-62DE
319,Monitor,Electronics,East,37119,4,8/10/2025,CCAB-4B80
320,Desk,,East,49546,3,8/11/2025,58FA-C451
321,Printer,Electronics,East,99418,1,8/12/2025,D921-AC35
322,Laptop,Electronics,West,29796,3,8/13/2025,B4E1-4A3E
323,Desk,Furniture,South,81938,2,8/14/2025,541F-3E19
324,Printer,Electronics,South,99426,2,8/15/2025,6FE3-2270
325,Printer,Electronics,North,85370,3,8/16/2025,29F6-C6CA
326,Laptop,,North,17244,2,8/17/2025,9900-1159
327,Chair,,South,85307,5,8/18/2025,D926-DED9
328,Phone,Electronics,West,50177,3,8/19/2025,4A39-E8E6
329,Desk,Furn@ iture,North,25151,2,8/20/2025,B0C3-E578
330,Laptop,Electronics,North,61098,5,8/21/2025,F9E1-87E9
331,Chair,Furniture,North,31391,3,8/22/2025,AF77-0F6B
332,Headphones,Electronics,North,78352,5,8/23/2025,C6A8-4E8A
333,Table,Furniture,South,94066,1,8/24/2025,2250-86C5
334,Headphones,Electronics,East,31510,4,8/25/2025,9DB1-8C59
335,Printer,Electronics,West,75739,5,8/26/2025,45D7-5C8A
336,Printer,Elec  tronics,West,48196,2,8/27/2025,DF71-97FB
337,Desk,Furniture,North,78982,5,8/28/2025,C5C2-985F
338,Printer,Electronics,North,78241,3,8/29/2025,10E9-4C86
339,Phone,Electronics,East,46586,2,8/30/2025,4F64-A0E2
340,Monitor,Electronics,East,66542,1,8/31/2025,5544-4583
341,Printer,Electr#onics,West,83727,3,9/1/2025,D970-9F5E
342,Printer,,North,29253,5,9/2/2025,DF5F-5ED9
343,Headphones,,North,#,3,9/3/2025,2407-5A4E
344,Laptop,Electronics,South,23067,4,9/4/2025,B340-5AD2
345,Table,Furniture,East,16835,1,9/5/2025,D106-E487
346,Desk,Furniture,South,24540,2,9/6/2025,19C3-DAE4
347,Desk,Furniture,West,35978,3,9/7/2025,9CE9-B0D5
348,Headphones,Electronics,East,66136,1,9/8/2025,CA75-94D1
349,Headphones,Electronics,North,45013,3,9/9/2025,5416-F925
350,Desk,Furniture  ,North,84584,5,9/10/2025,2D85-ABDD
351,Printer,Electronics,South,14897,1,9/11/2025,8FD9-AA59
352,Phone,Electronics,West,86294,3,9/12/2025,D871-1F74
353,Monitor,Electronics,West,73438,4,9/13/2025,7816-BF57
354,Monitor,Electronics,South,68651,4,9/14/2025,CED0-8D31
355,Phone,Electronics,South,98474,3,9/15/2025,CC7A-EE97
356,Chair,Furniture,North,31601,1,9/16/2025,B2D6-A355
357,Table,Furniture,North,17570,3,9/17/2025,CC8A-0B1F
358,Printer,Electronics,South,90694,4,9/18/2025,30CB-BCD0
359,Phone,Electronics,West,75343,3,9/19/2025,3642-EEAE
360,Table,Furniture,North,80391,2,9/20/2025,205B-4D34
361,Printer,Electronics,West,42236,5,9/21/2025,8BCA-723F
362,Phone,Electronics,East,88386,3,9/22/2025,ED5D-E9D8
363,Laptop,Electronics,West,88130,5,9/23/2025,5988-3855
364,Printer,,North,59952,3,9/24/2025,5A65-768A
365,Monitor,Electronics,East,37119,4,9/25/2025,95D8-5DC7
366,Desk,Furniture,East,49546,3,9/26/2025,B97B-73D7
367,Printer,Electronics,East,99418,1,9/27/2025,C22D-CE5F
368,Laptop,Electronics,West,29796,3,9/28/2025,9C24-CD7A
369,Desk,Furniture,South,81938,2,9/29/2025,9658-7750
370,Printer,Electronics,South,99426,2,9/30/2025,D7F8-1775
371,Printer,Electronics,North,85370,3,10/1/2025,A696-1216
372,Laptop,Electronics,North,17244,2,10/2/2025,5C7B-86C0
373,Chair,Furniture,South,85307,5,10/3/2025,7DD6-128C
374,Phone,Electronics,West,50177,3,10/4/2025,8D34-EBDF
375,Desk,Furniture,North,25151,2,10/5/2025,17AD-99F5
376,Laptop,,North,61098,5,10/6/2025,F60C-4888
377,Chair,Furniture,North,31391,3,10/7/2025,B5C6-F8D5
378,Headphones,Electronics,North,78352,5,10/8/2025,B6EC-313E
379,Table,Furniture,South,94066,1,10/9/2025,2A20-28CD
380,Headphones,Electronics,East,31510,4,10/10/2025,5A04-0EB4
381,Printer,Electronics,West,75739,5,10/11/2025,EEFC-DEC7
382,Printer,Electronics,West,48196,2,10/12/2025,5160-53BD
383,Desk,Furniture,North,78982,5,10/13/2025,6C86-3DC0
384,Printer,Electronics,North,78241,3,10/14/2025,0240-4D29
385,Phone,Electronics,East,46586,2,10/15/2025,15D4-53C2
386,Monitor,Electronics,East,66542,1,10/16/2025,17AE-E715
387,Printer,Electronics,West,83727,3,10/17/2025,3B90-B998
388,Printer,Electronics,North,29253,5,10/18/2025,DCD4-C785
389,Headphones,Electronics,North,33862,3,10/19/2025,6661-FA04
390,Laptop,Electronics,South,23067,4,10/20/2025,B975-943A
391,Table,Furniture,East,16835,1,10/21/2025,C95C-CE06
392,Desk,Furniture,South,24540,2,10/22/2025,7589-66E3
393,Desk,Furniture,West,35978,3,10/23/2025,2ED2-2CEC
394,Headphones,Electronics,East,66136,1,10/24/2025,B61E-0F26
395,Headphones,Electronics,North,45013,3,10/25/2025,DEB9-1BBF
396,Desk,Furniture,North,84584,5,10/26/2025,B312-7192
397,Printer,Electronics,South,14897,1,10/27/2025,5C48-9106
398,Phone,Electronics,West,86294,3,10/28/2025,DF63-0D3C
399,Monitor,Electronics,West,73438,4,10/29/2025,F9C6-39E2
400,Monitor,Electronics,South,68651,4,10/30/2025,D4D5-27FB
401,Phone,Electronics,South,98474,3,10/31/2025,76ED-1CF5
402,Chair,Furniture,North,31601,1,11/1/2025,380F-A08A
403,Table,Furniture,North,17570,3,11/2/2025,5E9A-FE30
404,Printer,Electronics,South,90694,4,11/3/2025,FBED-F86B
405,Phone,Electronics,West,75343,3,11/4/2025,B063-A2B5
406,Table,Furniture,North,80391,2,11/5/2025,D676-4ECC
407,Printer,Electronics,West,42236,5,11/6/2025,D4D7-3C3F
408,Phone,Electronics,East,88386,3,11/7/2025,DF7E-3233
409,Laptop,Electronics,West,88130,5,11/8/2025,13E5-8466
410,Printer,Electronics,North,59952,3,11/9/2025,41DC-E8B5
411,Monitor,Electronics,East,37119,4,11/10/2025,A7BB-F5A7
412,Desk,Furniture,East,49546,3,11/11/2025,1B7F-73A9
413,Printer,Electronics,East,99418,1,11/12/2025,13FA-3559
414,Laptop,Electronics,West,29796,3,11/13/2025,A2D0-E2D2
415,Desk,Furniture,South,81938,2,11/14/2025,58F5-C8FC
416,Printer,Electronics,South,99426,2,11/15/2025,9A87-71F6
417,Printer,Electronics,North,85370,3,11/16/2025,FAC0-942B
418,Laptop,Electronics,North,17244,2,11/17/2025,E899-A860
419,Chair,Furniture,South,85307,5,11/18/2025,BAF9-933D
420,Phone,Electronics,West,50177,3,11/19/2025,C900-9EF9
421,Desk,Furniture,North,25151,2,11/20/2025,1472-9F69
422,Laptop,Electronics,North,61098,5,11/21/2025,1C6C-3B67
423,Chair,Furniture,North,31391,3,11/22/2025,2698-A448
424,Headphones,Electronics,North,78352,5,11/23/2025,9BD6-2C43
425,Table,Furniture,South,94066,1,11/24/2025,39FC-7149
426,Headphones,Electronics,East,31510,4,11/25/2025,F5E3-48BB
427,Printer,Electronics,West,75739,5,11/26/2025,0A05-3943
428,Printer,,West,48196,2,11/27/2025,3120-B11F
429,Desk,Furniture,North,78982,5,11/28/2025,2FC8-999D
430,Printer,Electronics,North,78241,3,11/29/2025,7BD4-7BFB
431,Phone,Electronics,East,46586,2,11/30/2025,6227-9D9E
432,Monitor,Electronics,East,66542,1,12/1/2025,4E65-CCD0
433,Printer,Electronics,West,83727,3,12/2/2025,EB4F-4D97
434,Printer,Electronics,North,29253,5,12/3/2025,296A-A685
435,Headphones,Electronics,North,33862,3,12/4/2025,2E7B-43F0
436,Laptop,Electronics,South,23067,4,12/5/2025,E099-3FCC
437,Table,Furniture,East,16835,1,12/6/2025,D86B-2E5E
438,Desk,Furniture,South,24540,2,12/7/2025,267F-F71D
439,Desk,Furniture,West,35978,3,12/8/2025,155B-42BE
440,Headphones,Electronics,East,66136,1,12/9/2025,E62F-4FF7
441,Headphones,Electronics,North,45013,3,12/10/2025,93B1-6510
442,Desk,Furniture,North,84584,5,12/11/2025,71CC-7412
443,Printer,Electronics,South,14897,1,12/12/2025,07F1-62C3
444,Phone,Electronics,West,86294,3,12/13/2025,E523-D168
445,Monitor,Electronics,West,73438,4,12/14/2025,5A0B-7F31
446,Monitor,Electronics,South,68651,4,12/15/2025,8F78-4A32
447,Phone,,South,98474,3,12/16/2025,8EA4-9179
448,Chair,Furniture,North,31601,1,12/17/2025,6F50-08B6
449,Table,Furniture,North,17570,3,12/18/2025,0CF8-1EBD
450,Printer,Electronics,South,90694,4,12/19/2025,8E5B-CBBF
451,Phone,Electronics,West,75343,3,12/20/2025,8DA7-0090
452,Table,Furniture,North,80391,2,12/21/2025,9BC9-1288
453,Printer,Electronics,West,42236,5,12/22/2025,6A8B-EC82
454,Phone,Electronics,East,88386,3,12/23/2025,F968-671C
455,Laptop,Electronics,West,88130,5,12/24/2025,31FB-D496
456,Printer,Electronics,North,59952,3,12/25/2025,FEEC-A663
457,Monitor,Electronics,East,37119,4,12/26/2025,9412-7AA6
458,Desk,Furniture,East,49546,3,12/27/2025,920B-7B40
459,Printer,Electronics,East,99418,1,12/28/2025,2374-7581
460,Laptop,Electronics,West,29796,3,12/29/2025,D245-5D80
461,Desk,Furniture,South,81938,2,12/30/2025,41EC-F2AA
462,Printer,Electronics,South,99426,2,12/31/2025,1C57-5F2A
463,Printer,Electronics,North,85370,3,1/1/2026,0678-748A
464,Laptop,Electronics,North,17244,2,1/2/2026,A896-CDE2
465,Chair,Furniture,South,85307,5,1/3/2026,ACF7-5B99
466,Phone,,West,50177,3,1/4/2026,5741-0022
467,Desk,Furniture,North,25151,2,1/5/2026,AA67-CB22
468,Laptop,Electronics,North,61098,5,1/6/2026,D825-CC31
469,Chair,Furniture,North,31391,3,1/7/2026,59F5-F57D
470,Headphones,Electronics,North,78352,5,1/8/2026,E430-E462
471,Table,Furniture,South,94066,1,1/9/2026,9F02-0D39
472,Headphones,Electronics,East,31510,4,1/10/2026,74F3-DF3D
473,Printer,Electronics,West,75739,5,1/11/2026,5F2E-A68B
474,Printer,Electronics,West,48196,2,1/12/2026,65A0-5D04
475,Desk,Furniture,North,78982,5,1/13/2026,79C5-FE9D
476,Printer,Electronics,North,78241,3,1/14/2026,B49A-7D79
477,Phone,Electronics,East,46586,2,1/15/2026,E503-C500
478,Monitor,Electronics,East,66542,1,1/16/2026,388D-DB68
479,Printer,Electronics,West,83727,3,1/17/2026,A76C-AEB3
480,Printer,Electronics,North,29253,5,1/18/2026,278C-D482
481,Headphones,Electronics,North,33862,3,1/19/2026,A1DB-6C34
482,Laptop,Electronics,South,23067,4,1/20/2026,468A-E249
483,Table,Furniture,East,16835,1,1/21/2026,95CB-4E31
484,Desk,Furniture,South,24540,2,1/22/2026,3A2C-ABB8
485,Desk,Furniture,West,35978,3,1/23/2026,6EDB-94B7
486,Headphones,Electronics,East,66136,1,1/24/2026,8292-6635
487,Headphones,Electronics,North,45013,3,1/25/2026,6EEF-5B17
488,Desk,Furniture,North,84584,5,1/26/2026,C250-AF15
489,Printer,Electronics,South,14897,1,1/27/2026,257B-8130
490,Phone,Electronics,West,86294,3,1/28/2026,B492-D447
491,Monitor,Electronics,West,73438,4,1/29/2026,4673-EBEC
492,Monitor,Electronics,South,68651,4,1/30/2026,C08F-94F9
493,Phone,Electronics,South,98474,3,1/31/2026,F961-5A03
494,Chair,Furniture,North,31601,1,2/1/2026,CE90-763C
495,Table,Furniture,North,17570,3,2/2/2026,6653-BD41
496,Printer,,South,90694,4,2/3/2026,C251-2A18
497,Phone,Electronics,West,75343,3,2/4/2026,8FF0-0F7A
498,Table,Furniture,North,80391,2,2/5/2026,62A3-DEA7
499,Printer,Electronics,West,42236,5,2/6/2026,D3F6-A313
500,Phone,Electronics,East,88386,3,2/7/2026,1453-D3D8
501,Laptop,Electronics,West,88130,5,2/8/2026,B59D-CA4C
502,Printer,Electronics,North,59952,3,2/9/2026,3DB7-2942
503,Monitor,Electronics,East,37119,4,2/10/2026,B102-5713
504,Desk,Furniture,East,49546,3,2/11/2026,BDE5-385A
505,Printer,Electronics,East,99418,1,2/12/2026,8F7F-015D
506,Laptop,Electronics,West,29796,3,2/13/2026,C1B4-46B2
507,Desk,Furniture,South,81938,2,2/14/2026,F5C3-07B0
508,Printer,Electronics,South,99426,2,2/15/2026,08FC-817E
509,Printer,Electronics,North,85370,3,2/16/2026,AC19-7EE7
510,Laptop,Electronics,North,17244,2,2/17/2026,C9FF-3A25
511,Chair,Furniture,South,85307,5,2/18/2026,CDC1-C7CA
512,Phone,Electronics,West,50177,3,2/19/2026,E616-CAD8
513,Desk,Furniture,North,25151,2,2/20/2026,2219-56CA
514,Laptop,Electronics,North,61098,5,2/21/2026,EEA0-C109
515,Chair,Furniture,North,31391,3,2/22/2026,ABB5-0B95
516,Headphones,Electronics,North,78352,5,2/23/2026,5F4E-EE5A
517,Table,Furniture,South,94066,1,2/24/2026,F401-1B75
518,Headphones,Electronics,East,31510,4,2/25/2026,B995-E5CE
519,Printer,Electronics,West,75739,5,2/26/2026,533B-938D
520,Printer,Electronics,West,48196,2,2/27/2026,993B-186B
521,Desk,Furniture,North,78982,5,2/28/2026,DFA2-1B8F
522,Printer,Electronics,North,78241,3,3/1/2026,04D7-C8F3
523,Phone,Electronics,East,46586,2,3/2/2026,C026-3E38
524,Monitor,Electronics,East,66542,1,3/3/2026,69EC-7B13
525,Printer,Electronics,West,83727,3,3/4/2026,AD8F-7539
526,Printer,Electronics,North,29253,5,3/5/2026,B44E-8AEE
527,Headphones,Electronics,North,33862,3,3/6/2026,63E9-F74A
528,Laptop,Electronics,South,23067,4,3/7/2026,A184-3B30
529,Table,Furniture,East,16835,1,3/8/2026,851C-E7E2
530,Desk,Furniture,South,24540,2,3/9/2026,E46A-3676
531,Desk,Furniture,West,35978,3,3/10/2026,10CE-8403
532,Headphones,Electronics,East,66136,1,3/11/2026,E47D-E3C5
533,Headphones,Electronics,North,45013,3,3/12/2026,1AC8-361F
534,Desk,Furniture,North,84584,5,3/13/2026,9360-3A68
535,Printer,Electronics,South,14897,1,3/14/2026,BE54-8537
536,Phone,Electronics,West,86294,3,3/15/2026,D6BB-FEDF
537,Monitor,Electronics,West,73438,4,3/16/2026,ACD5-5FA2
538,Monitor,,South,68651,4,3/17/2026,BB09-BF7F
539,Phone,Electronics,South,98474,3,3/18/2026,450D-13A9
540,Chair,Furniture,North,31601,1,3/19/2026,5605-237E
541,Table,Furniture,North,17570,3,3/20/2026,03C5-51AD
542,Printer,Electronics,South,90694,4,3/21/2026,27CD-A6BF
543,Phone,Electronics,West,75343,3,3/22/2026,626A-9377
544,Table,Furniture,North,80391,2,3/23/2026,6125-FEC8
545,Printer,Electronics,West,42236,5,3/24/2026,D954-6402
546,Phone,Electronics,East,88386,3,3/25/2026,246E-3383
547,Laptop,Electronics,West,88130,5,3/26/2026,BD97-F94D
548,Printer,Electronics,North,59952,3,3/27/2026,FB5B-C127
549,Monitor,Electronics,East,37119,4,3/28/2026,A590-DF69
550,Desk,Furniture,East,49546,3,3/29/2026,B679-F7C9
551,Printer,Electronics,East,99418,1,3/30/2026,1B4A-5D80
552,Laptop,Electronics,West,29796,3,3/31/2026,BAB4-3AC8
553,Desk,Furniture,South,81938,2,4/1/2026,83FD-F920
554,Printer,Electronics,South,99426,2,4/2/2026,B24C-18BF
555,Printer,Electronics,North,85370,3,4/3/2026,FD0B-7B0A
556,Laptop,Electronics,North,17244,2,4/4/2026,EB8F-204D
557,Chair,Furniture,South,85307,5,4/5/2026,8A5B-3D6E
558,Phone,Electronics,West,50177,3,4/6/2026,46D6-CA7A
559,Desk,Furniture,North,25151,2,4/7/2026,5060-A677
560,Laptop,Electronics,North,61098,5,4/8/2026,A11D-324A
561,Chair,Furniture,North,31391,3,4/9/2026,13E5-2F17
562,Headphones,Electronics,North,78352,5,4/10/2026,3F0C-41A7
563,Table,Furniture,South,94066,1,4/11/2026,07AF-3631
564,Headphones,Electronics,East,31510,4,4/12/2026,259B-6C50
565,Printer,Electronics,West,75739,5,4/13/2026,63B8-CCC0
566,Printer,Electronics,West,48196,2,4/14/2026,F20A-F424
567,Desk,Furniture,North,78982,5,4/15/2026,C1E8-5AAB
568,Printer,Electronics,North,78241,3,4/16/2026,23FC-93A5
569,Phone,Electronics,East,46586,2,4/17/2026,AE33-DDE7
570,Monitor,Electronics,East,66542,1,4/18/2026,DC67-3B66
571,Printer,Electronics,West,83727,3,4/19/2026,F1BD-033D
572,Printer,Electronics,North,29253,5,4/20/2026,7961-A93B
573,Headphones,Electronics,North,33862,3,4/21/2026,F5CC-33FA
574,Laptop,Electronics,South,23067,4,4/22/2026,1E61-B76A
575,Table,Furniture,East,16835,1,4/23/2026,5395-75A1
576,Desk,Furniture,South,24540,2,4/24/2026,D18F-8C48
577,Desk,Furniture,West,35978,3,4/25/2026,C7C8-43D9
578,Headphones,Electronics,East,66136,1,4/26/2026,DA4C-7F2E
579,Headphones,Electronics,North,45013,3,4/27/2026,FC47-1953
580,Desk,Furniture,North,84584,5,4/28/2026,61CC-2C1D
581,Printer,Electronics,South,14897,1,4/29/2026,CDFB-6A08
582,Phone,Electronics,West,86294,3,4/30/2026,B967-D6D3
583,Monitor,Electronics,West,73438,4,5/1/2026,757F-78FE
584,Monitor,Electronics,South,68651,4,5/2/2026,B8A5-07A1
585,Phone,Electronics,South,98474,3,5/3/2026,2FAE-9278
586,Chair,Furniture,North,31601,1,5/4/2026,0E79-8257
587,Table,Furniture,North,17570,3,5/5/2026,9075-A294
588,Printer,Electronics,South,90694,4,5/6/2026,5D73-961A
589,Phone,Electronics,West,75343,3,5/7/2026,A105-470B
590,Table,Furniture,North,80391,2,5/8/2026,3C31-30CB
591,Printer,Electronics,West,42236,5,5/9/2026,6E61-A2BA
592,Phone,Electronics,East,88386,3,5/10/2026,40CC-6231
593,Laptop,Electronics,West,88130,5,5/11/2026,ABDA-F749
594,Printer,Electronics,North,59952,3,5/12/2026,411F-6325
595,Monitor,Electronics,East,37119,4,5/13/2026,32AE-C02F
596,Desk,Furniture,East,49546,3,5/14/2026,1C6F-87AA
597,Printer,Electronics,East,99418,1,5/15/2026,DAE0-B44F
598,Laptop,Electronics,West,29796,3,5/16/2026,4294-03D1
599,Desk,Furniture,South,81938,2,5/17/2026,D5B3-425C
600,Printer,Electronics,South,99426,2,5/18/2026,3A20-7C3E
601,Printer,Electronics,North,85370,3,5/19/2026,6B20-FFDF
602,Laptop,Electronics,North,17244,2,5/20/2026,C389-FC34
603,Chair,Furniture,South,85307,5,5/21/2026,89A6-7EF1
604,Phone,Electronics,West,50177,3,5/22/2026,09D2-46BD
605,Desk,Furniture,North,25151,2,5/23/2026,6413-42F1
606,Laptop,Electronics,North,61098,5,5/24/2026,C520-6F2B
607,Chair,Furniture,North,31391,3,5/25/2026,20CA-404E
608,Headphones,Electronics,North,78352,5,5/26/2026,C8BC-3B77
609,Table,Furniture,South,94066,1,5/27/2026,0AA2-881A
610,Headphones,Electronics,East,31510,4,5/28/2026,1A2D-52EC
611,Printer,Electronics,West,75739,5,5/29/2026,07C3-7429
612,Printer,Electronics,West,48196,2,5/30/2026,A1B4-5481
613,Desk,Furniture,North,78982,5,5/31/2026,22FF-9076
614,Printer,Electronics,North,78241,3,6/1/2026,EA3A-E005
615,Phone,Electronics,East,46586,2,6/2/2026,5802-2A7E
616,Monitor,Electronics,East,66542,1,6/3/2026,05DA-5423
617,Printer,Electronics,West,83727,3,6/4/2026,8A6B-AD5C
618,Printer,Electronics,North,29253,5,6/5/2026,DBF0-2EA3
619,Headphones,Electronics,North,33862,3,6/6/2026,8AAD-FAFB
620,Laptop,Electronics,South,23067,4,6/7/2026,28EA-A010
621,Table,Furniture,East,16835,1,6/8/2026,6A09-C910
622,Desk,Furniture,South,24540,2,6/9/2026,ADF8-AD57
623,Desk,Furniture,West,35978,3,6/10/2026,C292-EC0C
624,Headphones,Electronics,East,66136,1,6/11/2026,CD7F-377F
625,Headphones,Electronics,,45013,3,6/12/2026,AF11-04C3
626,Desk,Furniture,,84584,5,6/13/2026,D31B-BEF8
627,Printer,Electronics,South,14897,1,6/14/2026,596B-33F4
628,Phone,Electronics,West,86294,3,6/15/2026,0B72-0EE6
629,Monitor,Electronics,West,73438,4,6/16/2026,C661-6A1C
630,Monitor,Electronics,South,68651,4,6/17/2026,4C41-7F73
631,Phone,Electronics,South,98474,3,6/18/2026,5D69-D350
632,Chair,Furniture,North,31601,1,6/19/2026,7845-EF8F
633,Table,Furniture,North,17570,3,6/20/2026,8766-F1E7
634,Printer,Electronics,South,90694,4,6/21/2026,79D0-C935
635,Phone,Electronics,West,75343,3,6/22/2026,6AD1-5EE8
636,Table,Furniture,North,80391,2,6/23/2026,CECC-60FF
637,Printer,Electronics,West,42236,5,6/24/2026,4A0E-9958
638,Phone,Electronics,East,88386,3,6/25/2026,DA8E-9496
639,Laptop,Electronics,West,88130,5,6/26/2026,05ED-92F1
640,Printer,Electronics,North,59952,3,6/27/2026,D3EB-610D
641,Monitor,Electronics,,37119,4,6/28/2026,55B1-3712
642,Desk,Furniture,,49546,3,6/29/2026,566A-FC64
643,Printer,Electronics,East,99418,1,6/30/2026,8EAF-4F79
644,Laptop,Electronics,,29796,3,7/1/2026,25F5-0EAF
645,Desk,Furniture,,81938,2,7/2/2026,291F-B604
646,Printer,Electronics,South,99426,2,7/3/2026,EE63-4E57
647,Printer,Electronics,,85370,3,7/4/2026,EE91-1A9C
648,Laptop,Electronics,North,17244,2,7/5/2026,242A-4FA0
649,Chair,Furniture,,85307,5,7/6/2026,F58A-302D
650,Phone,Electronics,,50177,3,7/7/2026,8733-BC3C
651,Desk,Furniture,,25151,2,7/8/2026,3D9E-FB05
652,Laptop,Electronics,North,61098,5,7/9/2026,B407-ABCA
653,Chair,Furniture,North,31391,3,7/10/2026,11C2-2B5B
654,Headphones,Electronics,North,78352,5,7/11/2026,801C-89BF
655,Table,Furniture,South,94066,1,7/12/2026,5BDE-7102
656,Headphones,Electronics,East,31510,4,7/13/2026,6987-6124
657,Printer,Electronics,West,75739,5,7/14/2026,E81C-A653
658,Printer,Electronics,West,48196,2,7/15/2026,4F22-FF67
659,Desk,Furniture,North,78982,5,7/16/2026,806F-B986
660,Printer,Electronics,North,78241,3,7/17/2026,8F38-A4DD
661,Phone,Electronics,East,46586,2,7/18/2026,776A-CDBC
662,Monitor,Electronics,East,66542,1,7/19/2026,8FB2-4CE0
663,Printer,Electronics,West,83727,3,7/20/2026,CC88-AE14
664,Printer,Electronics,North,29253,5,7/21/2026,3261-373A
665,Headphones,Electronics,North,33862,3,7/22/2026,B90D-4BEF
666,Laptop,Electronics,South,23067,4,7/23/2026,D754-4CDF
667,Table,Furniture,East,16835,1,7/24/2026,6D3B-AD28
668,Desk,Furniture,South,24540,2,7/25/2026,924E-1035
669,Desk,Furniture,West,35978,3,7/26/2026,EFB8-ED99
670,Headphones,Electronics,East,66136,1,7/27/2026,B122-D3D2
671,Headphones,Electronics,North,45013,3,7/28/2026,1D87-3372
672,Desk,Furniture,North,84584,5,7/29/2026,6A67-EC2C
673,Printer,Electronics,South,14897,1,7/30/2026,D529-0BC2
674,Phone,Electronics,West,86294,3,7/31/2026,AE51-5502
675,Monitor,Electronics,,73438,4,8/1/2026,E442-1FEE
676,Monitor,Electronics,South,68651,4,8/2/2026,D457-AB87
677,Phone,Electronics,South,98474,3,8/3/2026,9CC0-FF43
678,Chair,Furniture,North,31601,1,8/4/2026,1BAE-4DA1
679,Table,Furniture,North,17570,3,8/5/2026,7486-A1B6
680,Printer,Electronics,Sout@h,90694,4,8/6/2026,DD1E-583D
681,Phone,Electronics,West,75343,3,8/7/2026,2857-A950
682,Table,Furniture,North,80391,2,8/8/2026,5E53-1897
683,Printer,Electronics,West,42236,5,8/9/2026,B437-FCF8
684,Phone,Electronics,East,88386,3,8/10/2026,B268-1642
685,Laptop,Electronics,West,88130,5,8/11/2026,C77A-2348
686,Printer,Electronics,North,59952,3,8/12/2026,E7F5-0AD1
687,Monitor,Electronics,,37119,4,8/13/2026,7839-CA12
688,Desk,Furniture,East,49546,3,8/14/2026,8462-E88A
689,Printer,Electronics,East,99418,1,8/15/2026,79E4-6632
690,Laptop,Electronics,West,29796,3,8/16/2026,097B-A688
691,Desk,Furniture,South,81938,2,8/17/2026,A7F8-24EA
692,Printer,Electronics,South,99426,2,8/18/2026,8078-6154
693,Printer,Electronics,North,85370,3,8/19/2026,DEC5-9319
694,Laptop,Electronics,North,17244,2,8/20/2026,28F4-8367
695,Chair,Furniture,South,85307,5,8/21/2026,5C87-D7BB
696,Phone,Electronics,West,50177,3,8/22/2026,D383-714B
697,Desk,Furniture,North,25151,2,8/23/2026,0D1B-DEC2
698,Laptop,Electronics,North,61098,5,8/24/2026,DD04-BDF8
699,Chair,Furniture,North,31391,3,8/25/2026,7749-B277
700,Headphones,Electronics,North,78352,5,8/26/2026,2CA8-4E1B
701,Table,Furniture,South,94066,1,8/27/2026,EACC-D1F6
702,Headphones,Electronics,East,31510,4,8/28/2026,B8C3-5E0A
703,Printer,Electronics,West,75739,5,8/29/2026,1A6D-AF5D
704,Printer,Electronics,,48196,2,8/30/2026,4FCD-7D65
705,Desk,Furniture,North,78982,5,8/31/2026,7279-6591
706,Printer,Electronics,North,78241,3,9/1/2026,6925-864E
707,Phone,Electronics,East,46586,2,9/2/2026,4563-8637
708,Monitor,Electronics,East,66542,1,9/3/2026,2546-1312
709,Printer,Electronics,West,83727,3,9/4/2026,FFCF-0BD5
710,Printer,Electronics,North,29253,5,9/5/2026,7623-9AF1
711,Headphones,Electronics,North,33862,3,9/6/2026,C973-E8E5
712,Laptop,Electronics,South,23067,4,9/7/2026,763B-DE6E
713,Table,Furniture,East,16835,1,9/8/2026,7EEF-9A90
714,Desk,Furniture,South,24540,2,9/9/2026,63B0-1036
715,Desk,Furniture,West,35978,3,9/10/2026,41FE-D257
716,Headphones,Electronics,East,66136,1,9/11/2026,D24B-5AC8
717,Headphones,Electronics,North,45013,3,9/12/2026,F7B0-E6B2
718,Desk,Furniture,North,84584,5,9/13/2026,9C6C-E5CE
719,Printer,Electronics,South,14897,1,9/14/2026,184D-06FF
720,Phone,Electronics,West,86294,3,9/15/2026,2B70-5A31
721,Monitor,Electronics,West,73438,4,9/16/2026,EDF2-2659
722,Monitor,Electronics,South,68651,4,9/17/2026,0BAF-7454
723,Phone,Electronics,,98474,3,9/18/2026,8373-07C6
724,Chair,Furniture,North,31601,1,9/19/2026,BAFA-86DF
725,Table,Furniture,North,17570,3,9/20/2026,74B4-CB7A
726,Printer,Electronics,South,90694,4,9/21/2026,4C66-6E16
727,Phone,Electronics,West,75343,3,9/22/2026,D6D2-184B
728,Table,Furniture,North,80391,2,9/23/2026,FB1D-5A51
729,Printer,Electronics,West,42236,5,9/24/2026,5AA7-C7BA
730,Phone,Electronics,East,88386,3,9/25/2026,3E50-011E
731,Laptop,Electronics,West,88130,5,9/26/2026,3992-22AD
732,Printer,Electronics,North,59952,3,9/27/2026,5642-6F1E
733,Monitor,Electronics,East,37119,4,9/28/2026,005C-E0FB
734,Desk,Furniture,East,49546,3,9/29/2026,45BA-6683
735,Printer,Electronics,East,99418,1,9/30/2026,D29C-A21F
736,Laptop,Electronics,West,29796,3,10/1/2026,473C-EA4E
737,Desk,Furniture,South,81938,2,10/2/2026,5F5B-83B1
738,Printer,Electronics,South,99426,2,10/3/2026,E9D9-787A
739,Printer,Electronics,North,85370,3,10/4/2026,8328-A764
740,Laptop,Electronics,North,17244,2,10/5/2026,90EB-28D4
741,Chair,Furniture,South,85307,5,10/6/2026,E399-E4F6
742,Phone,Electronics,West,50177,3,10/7/2026,BEE2-8052
743,Desk,Furniture,North,25151,2,10/8/2026,0DC1-7EE4
744,Laptop,Electronics,North,61098,5,10/9/2026,63D2-F412
745,Chair,Furniture,North,31391,3,10/10/2026,4467-6B8F
746,Headphones,Electronics,North,78352,5,10/11/2026,0626-7020
747,Table,Furniture,South,94066,1,10/12/2026,C0B9-E4C1
748,Headphones,Electronics,,31510,4,10/13/2026,16B6-9C29
749,Printer,Electronics,West,75739,5,10/14/2026,3A36-DA50
750,Printer,Electronics,West,48196,2,10/15/2026,5609-8585
751,Desk,Furniture,North,78982,5,10/16/2026,4971-33F9
752,Printer,Electronics,North,78241,3,10/17/2026,FC24-43F6
753,Phone,Electronics,East,46586,2,10/18/2026,E73A-F20A
754,Monitor,Electronics,East,66542,1,10/19/2026,B57F-B5CE
755,Printer,Electronics,West,83727,3,10/20/2026,1D32-9620
756,Printer,Electronics,North,29253,5,10/21/2026,5A78-0F17
757,Headphones,Electronics,North,33862,3,10/22/2026,D045-B6CA
758,Laptop,Electronics,South,23067,4,10/23/2026,0EA5-3A95
759,Table,Furniture,East,16835,1,10/24/2026,36E1-3DDF
760,Desk,Furniture,South,24540,2,10/25/2026,35D2-818A
761,Desk,Furniture,West,35978,3,10/26/2026,2BD8-20A6
762,Headphones,Electronics,Eas*t,66136,1,10/27/2026,84E7-02D4
763,Headphones,Electronics,North,45013,3,10/28/2026,7D2D-3831
764,Desk,Furniture,North,84584,5,10/29/2026,FB4B-067E
765,Printer,Electronics,South,14897,1,10/30/2026,1243-8B63
766,Phone,Electronics,West,86294,3,10/31/2026,D75C-3E43
767,Monitor,Electronics,West,73438,4,11/1/2026,3747-3110
768,Monitor,Electronics,South,68651,4,11/2/2026,05F0-6F7B
769,Phone,Electronics,South,98474,3,11/3/2026,D712-9E1C
770,Chair,Furniture,North,31601,1,11/4/2026,BBE1-D4A5
771,Table,Furniture,90,17570,3,11/5/2026,B1BC-0011
772,Printer,Electronics,South,90694,4,11/6/2026,3653-D544
773,Phone,Electronics,West,75343,3,11/7/2026,A53B-DF3C
774,Table,Furniture,North,80391,2,11/8/2026,9BE8-2C44
775,Printer,Electronics,,42236,5,11/9/2026,5639-70C0
776,Phone,Electronics,East,88386,3,11/10/2026,3C78-06E7
777,Laptop,Electronics,West,88130,5,11/11/2026,BBD0-FB7D
778,Printer,Electronics,North,59952,3,11/12/2026,106F-F7C7
779,Monitor,Electronics,East,37119,4,11/13/2026,A848-F98B
780,Desk,Furniture,East,49546,3,11/14/2026,EE7E-F5AC
781,Printer,Electronics,East,99418,1,11/15/2026,C27A-1115
782,Laptop,Electronics,West,29796,3,11/16/2026,C57E-6E4F
783,Desk,Furniture,South,81938,2,11/17/2026,BBB4-89C7
784,Printer,Electronics,South,99426,2,11/18/2026,84AD-D566
785,Printer,Electronics,North,85370,3,11/19/2026,26DF-1241
786,Laptop,Electronics,North,17244,2,11/20/2026,4657-FE18
787,Chair,Furniture,South,85307,5,11/21/2026,D93A-CC98
788,Phone,Electronics,West,50177,3,11/22/2026,75CF-67E0
789,Desk,Furniture,North,25151,2,11/23/2026,4188-C61D
790,Laptop,Electronics,North,61098,5,11/24/2026,45A4-C1D0
791,Chair,Furniture,North,31391,3,11/25/2026,6CC9-81FC
792,Headphones,Electronics,North,78352,5,11/26/2026,9283-E971
793,Table,Furniture,South,94066,1,11/27/2026,72A2-1105
794,Headphones,Electronics,East,31510,4,11/28/2026,34FB-D8F3
795,Printer,Electronics,West,75739,5,11/29/2026,65C9-0885
796,Printer,Electronics,West,48196,2,11/30/2026,42F5-707F
797,Desk,Furniture,North,78982,5,12/1/2026,03D3-AA88
798,Printer,Electronics,North,78241,3,12/2/2026,1A38-1D62
799,Phone,Electronics,East,46586,2,12/3/2026,D7C2-EAA5
800,Monitor,Electronics,East,66542,1,12/4/2026,6151-4A92
801,Printer,Electronics,West,83727,3,12/5/2026,EA37-AE5E
802,Printer,Electronics,North,29253,5,12/6/2026,41A7-9C19
803,Headphones,Electronics,North,33862,3,12/7/2026,A409-26AC
804,Laptop,Electronics,South,23067,4,12/8/2026,994A-5F84
805,Table,Furniture,,16835,1,12/9/2026,0B19-EFB2
806,Desk,Furniture,South,24540,2,12/10/2026,1DC4-97CF
807,Desk,Furniture,West,35978,3,12/11/2026,07F6-D61B
808,Headphones,Electronics,,66136,1,12/12/2026,81FF-8D6C
809,Headphones,Electronics,North,45013,3,12/13/2026,81F1-950F
810,Desk,Furniture,North,84584,5,12/14/2026,F1B6-31B7
811,Printer,Electronics,South,14897,1,12/15/2026,FB6A-3F11
812,Phone,Electronics,West,86294,3,12/16/2026,DB6B-88DA
813,Monitor,Electronics,West,73438,4,12/17/2026,5F06-D3F6
814,Monitor,Electronics,South,68651,4,12/18/2026,425F-4D2D
815,Phone,Electronics,South,98474,3,12/19/2026,DBF5-E57D
816,Chair,Furniture,North,31601,1,12/20/2026,4C99-E626
817,Table,Furniture,North,17570,3,12/21/2026,C016-FA12
818,Printer,Electronics,South,90694,4,12/22/2026,6BE1-09FB
819,Phone,Electronics,West,75343,3,12/23/2026,61E2-6540
820,Table,Furniture,North,80391,2,12/24/2026,FE0F-498F
821,Printer,Electronics,West,42236,5,12/25/2026,D91C-815B
822,Phone,Electronics,East,88386,3,12/26/2026,F8D4-3CAB
823,Laptop,Electronics,West,88130,5,12/27/2026,21C8-00EC
824,Printer,Electronics,North,59952,3,12/28/2026,1424-0B0C
825,Monitor,Electronics,East,37119,4,12/29/2026,4C72-E72F
826,Desk,Furniture,East,49546,3,12/30/2026,ABC2-0036
827,Printer,Electronics,East,99418,1,12/31/2026,2BCE-F73C
828,Laptop,Electronics,West,29796,3,1/1/2027,D4BE-786C
829,Desk,Furniture,South,81938,2,1/2/2027,2EF6-8D96
830,Printer,Electronics,South,99426,2,1/3/2027,E6F7-EF68
831,Printer,Electronics,North,85370,3,1/4/2027,4862-E40F
832,Laptop,Electronics,North,17244,2,1/5/2027,9591-C955
833,Chair,Furniture,South,85307,5,1/6/2027,E1FE-67B5
834,Phone,Electronics,West,50177,3,1/7/2027,4D59-B831
835,Desk,Furniture,North,25151,2,1/8/2027,CCE7-36ED
836,Laptop,Electronics,North,61098,5,1/9/2027,ACB2-6640
837,Chair,Furniture,North,31391,3,1/10/2027,8369-ED26
838,Headphones,Electronics,North,78352,5,1/11/2027,AEEC-804D
839,Table,Furniture,South,94066,1,1/12/2027,CAD7-01BE
840,Headphones,Electronics,East,31510,4,1/13/2027,4938-402A
841,Printer,Electronics,West,75739,5,1/14/2027,7D95-B5B1
842,Printer,Electronics,West,48196,2,1/15/2027,7805-8A7C
843,Desk,Furniture,North,78982,5,1/16/2027,648E-FE5F
844,Printer,Electronics,North,78241,3,1/17/2027,5634-9D10
845,Phone,Electronics,East,46586,2,1/18/2027,1147-7E2F
846,Monitor,Electronics,East,66542,1,1/19/2027,2DD1-FD7F
847,Printer,Electronics,West,83727,3,1/20/2027,682D-8FD8
848,Printer,Electronics,North,29253,5,1/21/2027,3EAA-95E5
849,Headphones,Electronics,North,33862,3,1/22/2027,ECC7-B638
850,Laptop,Electronics,South,23067,4,1/23/2027,0AF4-EC15
851,Table,Furniture,East,16835,1,1/24/2027,66BC-7AC0
852,Desk,Furniture,South,24540,2,1/25/2027,503B-AACE
853,Desk,Furniture,West,35978,3,1/26/2027,BFAF-1ED1
854,Headphones,Electronics,East,66136,1,1/27/2027,05CD-292D
855,Headphones,Electronics,North,45013,3,1/28/2027,C6F6-CDFE
856,Desk,Furniture,North,84584,5,1/29/2027,DCA7-D382
857,Printer,Electronics,South,14897,1,1/30/2027,07F5-A45D
858,Phone,Electronics,West,86294,3,1/31/2027,F72B-49FF
859,Monitor,Electronics,West,73438,4,2/1/2027,5919-4ADE
860,Monitor,Electronics,South,68651,4,2/2/2027,9723-FED9
861,Phone,Electronics,South,98474,3,2/3/2027,61E5-836E
862,Chair,Furniture,North,31601,1,2/4/2027,2937-EB65
863,Table,Furniture,North,17570,3,2/5/2027,2A89-93B6
864,Printer,Electronics,South,90694,4,2/6/2027,2FC6-7ED5
865,Phone,Electronics,West,75343,3,2/7/2027,7DA1-A202
866,Table,Furniture,North,80391,2,2/8/2027,4875-109B
867,Printer,Electronics,West,42236,5,2/9/2027,B375-26A9
868,Phone,Electronics,East,88386,3,2/10/2027,7F61-2397
869,Laptop,Electronics,West,88130,5,2/11/2027,5839-7AE2
870,Printer,Electronics,North,59952,3,2/12/2027,AD1C-2AC5
871,Monitor,Electronics,East,37119,4,2/13/2027,4F28-CFAF
872,Desk,Furniture,East,49546,3,2/14/2027,0FE8-B881
873,Printer,Electronics,East,99418,1,2/15/2027,FAB0-2FF2
874,Laptop,Electronics,West,29796,3,2/16/2027,12A7-AFD6
875,Desk,Furniture,South,81938,2,2/17/2027,7E76-154C
876,Printer,Electronics,South,99426,2,2/18/2027,2F04-931F
877,Printer,Electronics,North,85370,3,2/19/2027,5B11-3DB3
878,Laptop,Electronics,North,17244,2,2/20/2027,7A5A-CC91
879,Chair,Furniture,South,85307,5,2/21/2027,FB1F-9947
880,Phone,Electronics,West,50177,3,2/22/2027,E72B-64FA
881,Desk,Furniture,North,25151,2,2/23/2027,0AE7-DDE2
882,Laptop,Electronics,North,61098,5,2/24/2027,F80F-29CB
883,Chair,Furniture,North,31391,3,2/25/2027,6542-3E93
884,Headphones,Electronics,North,78352,5,2/26/2027,1914-B934
885,Table,Furniture,South,94066,1,2/27/2027,ADA1-966E
886,Headphones,Electronics,East,31510,4,2/28/2027,E151-8C7D
887,Printer,Electronics,West,75739,5,3/1/2027,7823-0217
888,Printer,Electronics,West,48196,2,3/2/2027,B148-55FB
889,Desk,Furniture,North,78982,5,3/3/2027,8EBD-B3E8
890,Printer,Electronics,North,78241,3,3/4/2027,CEE1-DA0F
891,Phone,Electronics,East,46586,2,3/5/2027,7A2A-0600
892,Monitor,Electronics,East,66542,1,3/6/2027,8CC3-0C6A
893,Printer,Electronics,West,83727,3,3/7/2027,5AC6-91D4
894,Printer,Electronics,North,29253,5,3/8/2027,1FE3-22BF
895,Headphones,Electronics,North,33862,3,3/9/2027,BDC5-51CF
896,Laptop,Electronics,South,23067,4,3/10/2027,5381-86E4
897,Table,Furniture,East,16835,1,3/11/2027,A161-29FC
898,Desk,Furniture,South,24540,2,3/12/2027,DB54-E47D
899,Desk,Furniture,West,35978,3,3/13/2027,4DDB-A84D
900,Headphones,Electronics,East,66136,1,3/14/2027,6376-F58F
901,Headphones,Electronics,North,45013,3,3/15/2027,82B4-8569
902,Desk,Furniture,North,84584,5,3/16/2027,CDAC-40FE
903,Printer,Electronics,South,14897,1,3/17/2027,A885-BF42
904,Phone,Electronics,West,86294,3,3/18/2027,90EB-69E4
905,Monitor,Electronics,West,73438,4,3/19/2027,97F7-5710
906,Monitor,Electronics,South,68651,4,3/20/2027,A862-3880
907,Phone,Electronics,,98474,3,3/21/2027,B670-21B2
908,Chair,Furniture,North,31601,1,3/22/2027,D933-AAC4
909,Table,Furniture,North,17570,3,3/23/2027,FA48-B743
910,Printer,Electronics,South,90694,4,3/24/2027,4FBA-4591
911,Phone,Electronics,West,75343,3,3/25/2027,1EEB-ABF7
912,Table,Furniture,North,80391,2,3/26/2027,37EE-004B
913,Printer,Electronics,West,42236,5,3/27/2027,78C8-02B8
914,Phone,Electronics,East,88386,3,3/28/2027,0FBB-4ABE
915,Laptop,Electronics,West,88130,5,3/29/2027,B98B-4689
916,Printer,Electronics,North,59952,3,3/30/2027,E676-215C
917,Monitor,Electronics,East,37119,4,3/31/2027,C2BF-D441
918,Desk,Furniture,East,49546,3,4/1/2027,656C-09EA
919,Printer,Electronics,East,99418,1,4/2/2027,CF5D-0E32
920,Laptop,Electronics,West,29796,3,4/3/2027,284C-8CB0
921,Desk,Furniture,South,81938,2,4/4/2027,2796-828F
922,Printer,Electronics,South,99426,2,4/5/2027,0A4E-1A4A
923,Printer,Electronics,North,85370,3,4/6/2027,D471-4BFF
924,Laptop,Electronics,North,17244,2,4/7/2027,E268-61EB
925,Chair,Furniture,South,85307,5,4/8/2027,DE22-FB63
926,Phone,Electronics,West,50177,3,4/9/2027,1BCC-100B
927,Desk,Furniture,North,25151,2,4/10/2027,4A0E-3728
928,Laptop,Electronics,North,61098,5,4/11/2027,4FD5-CC71
929,Chair,Furniture,North,31391,3,4/12/2027,2A9F-6BD2
930,Headphones,Electronics,North,78352,5,4/13/2027,FAD6-EAA3
931,Table,Furniture,South,94066,1,4/14/2027,70CB-4A9B
932,Headphones,Electronics,East,31510,4,4/15/2027,4236-4F51
933,Printer,Electronics,West,75739,5,4/16/2027,0C6D-2825
934,Printer,Electronics,West,48196,2,4/17/2027,24DD-6D7C
935,Desk,Furniture,North,78982,5,4/18/2027,3CFD-6622
936,Printer,Electronics,North,78241,3,4/19/2027,F72A-48DD
937,Phone,Electronics,East,46586,2,4/20/2027,1799-5B3F
938,Monitor,Electronics,East,66542,1,4/21/2027,EDC5-6FB7
939,Printer,Electronics,West,83727,3,4/22/2027,8291-DE04
940,Printer,Electronics,North,29253,5,4/23/2027,0C37-B7CF
941,Headphones,Electronics,North,33862,3,4/24/2027,E480-FF03
942,Laptop,Electronics,South,23067,4,4/25/2027,18CE-8F30
943,Table,Furniture,East,16835,1,4/26/2027,7F5B-92AD
944,Desk,Furniture,South,24540,2,4/27/2027,676C-C884
945,Desk,Furniture,West,35978,3,4/28/2027,B56D-46CE
946,Headphones,Electronics,East,66136,1,4/29/2027,6B5B-8080
947,Headphones,Electronics,North,45013,3,4/30/2027,C62F-44EF
948,Desk,Furniture,North,84584,5,5/1/2027,1E4A-5810
949,Printer,Electronics,South,14897,1,5/2/2027,3EDA-3BDE
950,Phone,Electronics,West,86294,3,5/3/2027,7EF0-2BF4
951,Monitor,Electronics,West,73438,4,5/4/2027,3DCC-7FA4
952,Monitor,Electronics,South,68651,4,5/5/2027,E8EF-FA89
953,Phone,Electronics,South,98474,3,5/6/2027,3A96-07A5
954,Chair,Furniture,North,31601,1,5/7/2027,AE73-B863
955,Table,Furniture,North,17570,3,5/8/2027,C8FA-B6FE
956,Printer,Electronics,South,90694,4,5/9/2027,7269-88EC
957,Phone,Electronics,West,75343,3,5/10/2027,3E3B-681D
958,Table,Furniture,North,80391,2,5/11/2027,7054-B62C
959,Printer,Electronics,West,42236,5,5/12/2027,9756-3EAB
960,Phone,Electronics,East,88386,3,5/13/2027,4304-4B4E
961,Laptop,Electronics,West,88130,5,5/14/2027,4CA1-F139
962,Printer,Electronics,North,59952,3,5/15/2027,8892-77D8
963,Monitor,Electronics,East,37119,4,5/16/2027,D061-5CAD
964,Desk,Furniture,East,49546,3,5/17/2027,BD94-98E0
965,Printer,Electronics,East,99418,1,5/18/2027,2C0F-AAE2
966,Laptop,Electronics,West,29796,3,5/19/2027,ABB0-9B03
967,Desk,Furniture,South,81938,2,5/20/2027,F2BA-F63A
968,Printer,Electronics,South,99426,2,5/21/2027,6543-091E
969,Printer,Electronics,North,85370,3,5/22/2027,EAB1-2EB2
970,Laptop,Electronics,North,17244,2,5/23/2027,1158-9E23
971,Chair,Furniture,South,85307,5,5/24/2027,3476-CA56
972,Phone,Electronics,West,50177,3,5/25/2027,4CD7-B91C
973,Desk,Furniture,North,25151,2,5/26/2027,6BAB-8D77
974,Laptop,Electronics,North,61098,5,5/27/2027,FADC-21F2
975,Chair,Furniture,North,31391,3,5/28/2027,2E25-987F
976,Headphones,Electronics,North,78352,5,5/29/2027,9E8E-F2FF
977,Table,Furniture,South,94066,1,5/30/2027,2637-BDCD
978,Headphones,Electronics,East,31510,4,5/31/2027,342B-0932
979,Printer,Electronics,West,75739,5,6/1/2027,ACA5-348E
980,Printer,Electronics,West,48196,2,6/2/2027,6DEB-F440
981,Desk,Furniture,North,78982,5,6/3/2027,354B-3BC6
982,Printer,Electronics,North,78241,3,6/4/2027,C95B-FE97
983,Phone,Electronics,East,46586,2,6/5/2027,EB81-3E51
984,Monitor,Electronics,East,66542,1,6/6/2027,2D25-CAE8
985,Printer,Electronics,West,83727,3,6/7/2027,494B-7047
986,Printer,Electronics,North,29253,5,6/8/2027,0846-2064
987,Headphones,Electronics,North,33862,3,6/9/2027,9862-8904
988,Laptop,Electronics,South,23067,4,6/10/2027,95E0-CCA0
989,Table,Furniture,East,16835,1,6/11/2027,68C4-272C
990,Desk,Furniture,South,24540,2,6/12/2027,0742-C802
991,Desk,Furniture,West,35978,3,6/13/2027,1D74-2661
992,Headphones,Electronics,East,66136,1,6/14/2027,F4A3-2126
993,Headphones,Electronics,North,45013,3,6/15/2027,24FA-A637
994,Desk,Furniture,North,84584,5,6/16/2027,9071-14B2
995,Printer,Electronics,South,14897,1,6/17/2027,9624-0464
996,Phone,Electronics,West,86294,3,6/18/2027,7B96-B655
997,Monitor,Electronics,West,73438,4,6/19/2027,DE7D-7757
998,Monitor,Electronics,South,68651,4,6/20/2027,0CFA-28A3
999,Phone,Electronics,South,98474,3,6/21/2027,6828-1F30
1000,Chair,Furniture,North,31601,1,6/22/2027,A4E5-CE62
1001,Table,Furniture,North,17570,3,6/23/2027,2926-D386
1002,Printer,Electronics,South,90694,4,6/24/2027,1FAC-768D
1003,Phone,Electronics,West,75343,3,6/25/2027,60A3-AFA2
1004,Table,Furniture,North,80391,2,6/26/2027,3B11-DF28
1005,Printer,Electronics,West,42236,5,6/27/2027,4FAC-96CB
1006,Phone,Electronics,East,88386,3,6/28/2027,EFA2-B2D0
1007,Laptop,Electronics,West,88130,5,6/29/2027,200B-1979
1008,Printer,Electronics,North,59952,3,6/30/2027,8EF9-CECD
1009,Monitor,Electronics,East,37119,4,7/1/2027,B5C6-A760
1010,Desk,Furniture,East,49546,3,7/2/2027,8DB6-5FC6
1011,Printer,Electronics,East,99418,1,7/3/2027,AFE1-76D3
1012,Laptop,Electronics,West,29796,3,7/4/2027,E927-46D7
1013,Desk,Furniture,South,81938,2,7/5/2027,A859-9A84
1014,Printer,Electronics,South,99426,2,7/6/2027,E55D-FCA0
1015,Printer,Electronics,North,85370,3,7/7/2027,9385-321B
1016,Laptop,Electronics,North,17244,2,7/8/2027,B529-2745
1017,Chair,Furniture,South,85307,5,7/9/2027,EF95-30A5
1018,Phone,Electronics,West,50177,3,7/10/2027,86E9-319B
1019,Desk,Furniture,North,25151,2,7/11/2027,9C27-3F5C
1020,Laptop,Electronics,North,61098,5,7/12/2027,54D0-5A71
1021,Chair,Furniture,North,31391,3,7/13/2027,3044-EB49
1022,Headphones,Electronics,North,78352,5,7/14/2027,C560-23D6
1023,Table,Furniture,South,94066,1,7/15/2027,EE12-1C73
1024,Headphones,Electronics,East,31510,4,7/16/2027,91C6-564B
1025,Printer,Electronics,West,75739,5,7/17/2027,A0EC-C4AE
1026,Printer,Electronics,West,48196,2,7/18/2027,84D8-1A04
1027,Desk,Furniture,North,78982,5,7/19/2027,DA17-A31F
1028,Printer,Electronics,North,78241,3,7/20/2027,AB3B-98D9
1029,Phone,Electronics,East,46586,2,7/21/2027,37D7-54B9
1030,Monitor,Electronics,East,66542,1,7/22/2027,9C7D-E1B1
1031,Printer,Electronics,West,83727,3,7/23/2027,5EB3-47F6
1032,Printer,Electronics,North,29253,5,7/24/2027,43DD-6998
1033,Headphones,Electronics,North,33862,3,7/25/2027,F1A8-7140
1034,Laptop,Electronics,South,23067,4,7/26/2027,F546-D965
1035,Table,Furniture,East,16835,1,7/27/2027,4BED-C7C2
1036,Desk,Furniture,South,24540,2,7/28/2027,040C-EDED
1037,Desk,Furniture,,35978,3,7/29/2027,B34E-95FF
1038,Headphones,Electronics,East,66136,1,7/30/2027,449E-0EB7
1039,Headphones,Electronics,North,45013,3,7/31/2027,0FC3-2572
1040,Desk,Furniture,North,84584,5,8/1/2027,29AC-099C
1041,Printer,Electronics,South,14897,1,8/2/2027,A42A-4000
1042,Phone,Electronics,West,86294,3,8/3/2027,F83C-CA1D
1043,Monitor,Electronics,West,73438,4,8/4/2027,08E4-D3D5
1044,Monitor,Electronics,South,68651,4,8/5/2027,2B5B-7A52
1045,Phone,Electronics,South,98474,3,8/6/2027,66D5-3142
1046,Chair,Furniture,North,31601,1,8/7/2027,0F53-9877
1047,Table,Furniture,North,17570,3,8/8/2027,4D95-ECAD
1048,Printer,Electronics,South,90694,4,8/9/2027,D8B3-30D2
1049,Phone,Electronics,West,75343,3,8/10/2027,29C2-1A3F
1050,Table,Furniture,North,80391,2,8/11/2027,BC5E-3B7B
1051,Printer,Electronics,West,42236,5,8/12/2027,7A1F-F1A3
1052,Phone,Electronics,East,88386,3,8/13/2027,AB61-2A7E
1053,Laptop,Electronics,West,88130,5,8/14/2027,5A29-B9F4
1054,Printer,Electronics,North,59952,3,8/15/2027,939F-2461
1055,Monitor,Electronics,East,37119,4,8/16/2027,98EE-8547
1056,Desk,Furniture,East,49546,3,8/17/2027,E071-137E
1057,Printer,Electronics,East,99418,1,8/18/2027,BD33-DB2F
1058,Laptop,Electronics,West,29796,3,8/19/2027,5000-8203
1059,Desk,Furniture,South,81938,2,8/20/2027,626D-4669
1060,Printer,Electronics,South,99426,2,8/21/2027,A067-9F4F
1061,Printer,Electronics,North,85370,3,8/22/2027,E210-F193
1062,Laptop,Electronics,North,17244,2,8/23/2027,9DB8-F763
1063,Chair,Furniture,South,85307,5,8/24/2027,E28D-424B
1064,Phone,Electronics,West,50177,3,8/25/2027,D8F6-DED3
1065,Desk,Furniture,North,25151,2,8/26/2027,4BE1-4A7B
1066,Laptop,Electronics,North,61098,5,8/27/2027,8182-6AE6
1067,Chair,Furniture,North,31391,3,8/28/2027,E55E-9436
1068,Headphones,Electronics,North,78352,5,8/29/2027,F9BA-C7C8
1069,Table,Furniture,South,94066,1,8/30/2027,9ED3-ED64
1070,Headphones,Electronics,East,31510,4,8/31/2027,9A9B-630B
1071,Printer,Electronics,West,75739,5,9/1/2027,3C73-12A0
1072,Printer,Electronics,West,48196,2,9/2/2027,D9AE-B32C
1073,Desk,Furniture,North,78982,5,9/3/2027,A072-D80B
1074,Printer,Electronics,North,78241,3,9/4/2027,781F-6C21
1075,Phone,Electronics,East,46586,2,9/5/2027,E8D3-CABA
1076,Monitor,Electronics,East,66542,1,9/6/2027,666A-B076
1077,Printer,Electronics,West,83727,3,9/7/2027,6010-A052
1078,Printer,Electronics,North,29253,5,9/8/2027,F0C3-4859
1079,Headphones,Electronics,North,33862,3,9/9/2027,0317-B7BC
1080,Laptop,Electronics,South,23067,4,9/10/2027,AFA8-5058
1081,Table,Furniture,East,16835,1,9/11/2027,0E85-1FC5
1082,Desk,Furniture,South,24540,2,9/12/2027,874D-5D4C
1083,Desk,Furniture,West,35978,3,9/13/2027,6C42-A719
1084,Headphones,Electronics,East,66136,1,9/14/2027,7BA2-EBDE
1085,Headphones,Electronics,North,45013,3,9/15/2027,00B0-F199
1086,Desk,Furniture,North,84584,5,9/16/2027,6C7E-91CB
1087,Printer,Electronics,South,14897,1,9/17/2027,4D07-1452
1088,Phone,Electronics,West,86294,3,9/18/2027,68D1-F434
1089,Monitor,Electronics,West,73438,4,9/19/2027,D4DF-162F
1090,Monitor,Electronics,South,68651,4,9/20/2027,BC43-E62B
1091,Phone,Electronics,South,98474,3,9/21/2027,017D-0B97
1092,Chair,Furniture,North,31601,1,9/22/2027,5AD2-3B02
1093,Table,Furniture,North,17570,3,9/23/2027,138C-2AEA
1094,Printer,Electronics,South,90694,4,9/24/2027,4049-CF88
1095,Phone,Electronics,West,75343,3,9/25/2027,0FEB-B474
1096,Table,Furniture,North,80391,2,9/26/2027,CC1D-5D73
1097,Printer,Electronics,West,42236,5,9/27/2027,AACC-8B93
1098,Phone,Electronics,East,88386,3,9/28/2027,D962-9E69
1099,Laptop,Electronics,West,88130,5,9/29/2027,0592-D909
1100,Printer,Electronics,North,59952,3,9/30/2027,3E42-57C8
1101,Monitor,Electronics,East,37119,4,10/1/2027,6313-8E62
1102,Desk,Furniture,East,49546,3,10/2/2027,437C-4AD0
1103,Printer,Electronics,East,99418,1,10/3/2027,03D9-FF08
1104,Laptop,Electronics,West,29796,3,10/4/2027,86C5-8987
1105,Desk,Furniture,South,81938,2,10/5/2027,A1AB-EE7C
1106,Printer,Electronics,South,99426,2,10/6/2027,5EE9-CFCF
1107,Printer,Electronics,North,85370,3,10/7/2027,4846-2EC2
1108,Laptop,Electronics,North,17244,2,10/8/2027,9112-D01B
1109,Chair,Furniture,South,85307,5,10/9/2027,7696-E50D
1110,Phone,Electronics,West,50177,3,10/10/2027,130F-32AB
1111,Desk,Furniture,North,25151,2,10/11/2027,1E20-2FFF
1112,Laptop,Electronics,North,61098,5,10/12/2027,D676-2084
1113,Chair,Furniture,North,31391,3,10/13/2027,1BEA-3835
1114,Headphones,Electronics,North,78352,5,10/14/2027,576B-6628
1115,Table,Furniture,South,94066,1,10/15/2027,3B2D-9E60
1116,Headphones,Electronics,East,31510,4,10/16/2027,5B0B-B105
1117,Printer,Electronics,West,75739,5,10/17/2027,BE07-BE80
1118,Printer,Electronics,West,48196,2,10/18/2027,5B38-57D2
1119,Desk,Furniture,North,78982,5,10/19/2027,EC6E-7F42
1120,Printer,Electronics,North,78241,3,10/20/2027,AE9F-5268
1121,Phone,Electronics,East,46586,2,10/21/2027,3F25-EF5E
1122,Monitor,Electronics,East,66542,1,10/22/2027,1E2C-A267
1123,Printer,Electronics,West,83727,3,10/23/2027,90C4-1053
1124,Printer,Electronics,North,29253,5,10/24/2027,0210-E0D8
1125,Headphones,Electronics,North,33862,3,10/25/2027,45FF-ACE6
1126,Laptop,Electronics,South,23067,4,10/26/2027,FADE-8191
1127,Table,Furniture,East,16835,1,10/27/2027,817D-28CE
1128,Desk,Furniture,South,24540,2,10/28/2027,47C9-BD11
1129,Desk,Furniture,West,35978,3,10/29/2027,E267-D788
1130,Headphones,Electronics,East,66136,1,10/30/2027,B3A4-91F0
1131,Headphones,Electronics,North,45013,3,10/31/2027,F877-3BF9
1132,Desk,Furniture,North,84584,5,11/1/2027,55DC-C0F0
1133,Printer,Electronics,South,14897,1,11/2/2027,AAD7-8DDC
1134,,,,,,11/3/2027,6B7D-82DB
1135,Phone,Electronics,West,86294,3,11/4/2027,D014-7DB2
1136,Monitor,Electronics,West,73438,4,11/5/2027,61F3-DE78
1137,Monitor,Electronics,South,68651,4,11/6/2027,619D-D78F
1138,Phone,Electronics,South,98474,3,11/7/2027,E6D9-ADEE
1139,Chair,Furniture,North,31601,1,11/8/2027,06DE-E772
1140,Table,Furniture,North,17570,3,11/9/2027,C579-11D1
1141,Printer,Electronics,South,90694,4,11/10/2027,0172-B5D2
1142,Phone,Electronics,West,75343,3,11/11/2027,63E0-439B
1143,Table,Furniture,North,80391,2,11/12/2027,6957-5180
1144,Printer,Electronics,West,42236,5,11/13/2027,36A3-F0A5
1145,Phone,Electronics,East,88386,3,11/14/2027,9671-222C
1146,Laptop,Electronics,West,88130,5,11/15/2027,55A7-8D82
1147,Printer,Electronics,,59952,3,11/16/2027,E6C8-D659
1148,Monitor,Electronics,East,37119,4,11/17/2027,46C8-1E24
1149,Desk,Furniture,East,49546,3,11/18/2027,F3A3-10CE
1150,Printer,Electronics,East,99418,1,11/19/2027,72D8-2284
1151,Laptop,Electronics,West,29796,3,11/20/2027,DE9A-5E67
1152,Desk,Furniture,South,81938,2,11/21/2027,F126-8059
1153,Printer,Electronics,South,99426,2,11/22/2027,BD70-7DAE
1154,Printer,Electronics,North,85370,3,11/23/2027,8640-414A
1155,Laptop,Electronics,North,17244,2,11/24/2027,F578-F0C8
1156,Chair,Furniture,South,85307,5,11/25/2027,7F24-55A3
1157,Phone,Electronics,West,50177,3,11/26/2027,0B49-32CD
1158,Desk,Furniture,North,25151,2,11/27/2027,991F-BAF4
1159,Laptop,Electronics,North,61098,5,11/28/2027,BAE6-B5DE
1160,Chair,Furniture,North,31391,3,11/29/2027,CFE3-312D
1161,Headphones,Electronics,North,78352,5,11/30/2027,F532-0DAF
1162,Table,Furniture,South,94066,1,12/1/2027,EC4D-D0F3
1163,Headphones,Electronics,East,31510,4,12/2/2027,9461-9439
1164,Printer,Electronics,West,75739,5,12/3/2027,7CDB-25C4
1165,Printer,Electronics,West,48196,2,12/4/2027,E2A0-930A
1166,Desk,Furniture,North,78982,5,12/5/2027,FD95-9EEB
1167,Printer,Electronics,North,78241,3,12/6/2027,9536-9492
1168,Phone,Electronics,East,46586,2,12/7/2027,1A7C-19DB
1169,Monitor,Electronics,East,66542,1,12/8/2027,CA1B-0302
1170,Printer,Electronics,West,83727,3,12/9/2027,5795-08D3
1171,Printer,Electronics,North,29253,5,12/10/2027,06B9-B79D
1172,Headphones,Electronics,North,33862,3,12/11/2027,A89C-9A1E
1173,Laptop,Electronics,South,23067,4,12/12/2027,781E-4257
1174,Table,Furniture,East,16835,1,12/13/2027,2D04-D0A5
1175,Desk,Furniture,South,24540,2,12/14/2027,30CC-9AD8
1176,Desk,Furniture,West,35978,3,12/15/2027,C96B-43C7
1177,Headphones,Electronics,East,66136,1,12/16/2027,12E5-9BD1
1178,Headphones,Electronics,North,45013,3,12/17/2027,DF94-FD29
1179,Desk,Furniture,North,84584,5,12/18/2027,23E6-A67A
1180,Printer,Electronics,South,14897,1,12/19/2027,50FB-5702
1181,,,,,,12/20/2027,04E6-6B61
1182,Printer,Electronics,North,78241,3,12/21/2027,3F5B-6277
1183,Phone,Electronics,East,46586,2,12/22/2027,489B-14EC
1184,Monitor,Electronics,East,66542,1,12/23/2027,0F2B-3457
1185,Printer,Electronics,West,83727,3,12/24/2027,3182-7F44
1186,Printer,Electronics,North,29253,5,12/25/2027,08AC-30AB
1187,Headphones,Electronics,North,33862,3,12/26/2027,1368-8327
1188,Laptop,Electronics,South,23067,4,12/27/2027,9758-DE2F
1189,Table,Furniture,East,16835,1,12/28/2027,10C9-925C
1190,Desk,Furniture,South,24540,2,12/29/2027,B76C-D9CE
1191,Desk,Furniture,West,35978,3,12/30/2027,56FC-5C6E
1192,Headphones,Electronics,East,66136,1,12/31/2027,218E-AB6F
1193,Headphones,Electronics,North,45013,3,1/1/2028,B0C2-0E3D
1194,Desk,Furniture,North,84584,5,1/2/2028,D1C6-25BE
1195,Printer,Electronics,South,14897,1,1/3/2028,801E-9D0E
1196,Phone,Electronics,West,86294,3,1/4/2028,48B9-8A61
1197,Monitor,Electronics,West,73438,4,1/5/2028,4C88-27A1
1198,Monitor,Electronics,South,68651,4,1/6/2028,C4F0-F933
1199,Phone,Electronics,South,98474,3,1/7/2028,8A18-9075
1200,Chair,Furniture,North,31601,1,1/8/2028,76FD-F574
1201,Table,Furniture,North,17570,3,1/9/2028,81C2-E188
1202,Printer,Electronics,South,90694,4,1/10/2028,C768-BBF8
1203,Phone,Electronics,West,75343,3,1/11/2028,8B79-18F1
1204,Table,Furniture,North,80391,2,1/12/2028,7FA1-BC64
1205,Printer,Electronics,West,42236,5,1/13/2028,6FA6-DBB9
1206,Phone,Electronics,East,88386,3,1/14/2028,4B7E-9DE5
1207,Laptop,Electronics,West,88130,5,1/15/2028,7B30-BAC8
1208,Printer,Electronics,North,59952,3,1/16/2028,F220-AAA6
1209,Monitor,Electronics,East,37119,4,1/17/2028,20BA-5868
1210,Desk,Furniture,East,49546,3,1/18/2028,E9AB-3F99
1211,Printer,Electronics,East,99418,1,1/19/2028,40BE-EEAF
1212,Laptop,Electronics,West,29796,3,1/20/2028,1787-DF90
1213,Desk,Furniture,South,81938,2,1/21/2028,3F3F-E438
1214,Printer,Electronics,South,99426,2,1/22/2028,F573-D043
1215,Printer,Electronics,North,85370,3,1/23/2028,8C57-8F84
1216,Laptop,Electronics,North,17244,2,1/24/2028,974D-9F8F
1217,Chair,Furniture,South,85307,5,1/25/2028,D92F-63AD
1218,Phone,Electronics,West,50177,3,1/26/2028,617A-5092
1219,Desk,Furniture,North,25151,2,1/27/2028,55FD-42E9
1220,Laptop,Electronics,North,61098,5,1/28/2028,9E87-533E
1221,Chair,Furniture,North,31391,3,1/29/2028,4C06-7031
1222,Headphones,Electronics,North,78352,5,1/30/2028,3D47-6A75
1223,Table,Furniture,South,94066,1,1/31/2028,AF5D-A8C8
1224,Headphones,Electronics,East,31510,4,2/1/2028,B0C8-E3DF
1225,Printer,Electronics,West,75739,5,2/2/2028,AA19-95BD
1226,Printer,Electronics,West,48196,2,2/3/2028,B347-DA2D
1227,Desk,Furniture,North,78982,5,2/4/2028,AFC3-E23F
1228,Printer,Electronics,North,78241,3,2/5/2028,217C-7180
1229,Phone,Electronics,East,46586,2,2/6/2028,4FA9-D343
1230,Monitor,Electronics,East,66542,1,2/7/2028,A2AE-FD61
1231,Printer,Electronics,West,83727,3,2/8/2028,B0B9-19C6
1232,Printer,Electronics,North,29253,5,2/9/2028,AFDF-3DA8
1233,Headphones,Electronics,North,33862,3,2/10/2028,8533-B8FA
1234,Laptop,Electronics,South,23067,4,2/11/2028,ADB8-7B07
1235,Table,Furniture,East,16835,1,2/12/2028,0D60-C312
1236,Desk,Furniture,South,24540,2,2/13/2028,A6AA-56AE
1237,Desk,Furniture,West,35978,3,2/14/2028,31E1-001F
1238,Headphones,Electronics,East,66136,1,2/15/2028,6731-1425
1239,Headphones,Electronics,North,45013,3,2/16/2028,1A82-AF2C
1240,Desk,Furniture,North,84584,5,2/17/2028,D6BA-10A1
1241,Printer,Electronics,South,14897,1,2/18/2028,F3D0-41D1
1242,Phone,Electronics,West,86294,3,2/19/2028,1053-41B1
1243,Monitor,Electronics,West,73438,4,2/20/2028,BC21-2167
1244,Monitor,Electronics,South,68651,4,2/21/2028,DDAC-D5FD
1245,Phone,Electronics,South,98474,3,2/22/2028,8941-0BAC
1246,Chair,Furniture,North,31601,1,2/23/2028,AA3A-EC19
1247,Table,Furniture,North,17570,3,2/24/2028,DDBF-9C79
1248,Printer,Electronics,South,90694,4,2/25/2028,6819-65F3
1249,Phone,Electronics,West,75343,3,2/26/2028,3BAB-C57E
1250,Table,Furniture,North,80391,2,2/27/2028,BC20-368E
1251,Printer,Electronics,West,42236,5,2/28/2028,F3AE-DEF2
1252,Phone,Electronics,East,88386,3,2/29/2028,F5B1-A266
1253,Laptop,Electronics,West,88130,5,3/1/2028,2EB9-9D31
1254,Printer,Electronics,North,59952,3,3/2/2028,556B-374A
1255,Monitor,Electronics,East,37119,4,3/3/2028,0B9A-B6DE
1256,Desk,Furniture,East,49546,3,3/4/2028,D6F0-006B
1257,Printer,Electronics,East,99418,1,3/5/2028,51A4-EA6E
1258,Laptop,Electronics,West,29796,3,3/6/2028,3412-9077
1259,Desk,Furniture,South,81938,2,3/7/2028,6EB1-8442
1260,Printer,Electronics,South,99426,2,3/8/2028,954A-3829
1261,Printer,Electronics,North,85370,3,3/9/2028,4F1D-6F75
1262,Laptop,Electronics,,17244,2,3/10/2028,2BE9-93DB
1263,Chair,Furniture,South,85307,5,3/11/2028,ED6C-4287
1264,Phone,Electronics,West,50177,3,3/12/2028,6A3B-A838
1265,Desk,Furniture,North,25151,2,3/13/2028,D4FD-785B
1266,Laptop,Electronics,North,61098,5,3/14/2028,BAA6-30C4
1267,Chair,Furniture,North,31391,3,3/15/2028,A81C-AB62
1268,Headphones,Electronics,North,78352,5,3/16/2028,001A-8F88
1269,Table,Furniture,South,94066,1,3/17/2028,86F7-CA91
1270,Headphones,Electronics,East,31510,4,3/18/2028,EC6A-DD76
1271,Printer,Electronics,West,75739,5,3/19/2028,F346-3882
1272,Printer,Electronics,West,48196,2,3/20/2028,BBEF-AC35
1273,Desk,Furniture,North,78982,5,3/21/2028,AF04-23EA
1274,Printer,Electronics,North,78241,3,3/22/2028,1A9A-17A3
1275,Phone,Electronics,East,46586,2,3/23/2028,E164-4C29
1276,Monitor,Electronics,East,66542,1,3/24/2028,C9F5-9B2C
1277,Printer,Electronics,West,83727,3,3/25/2028,F852-C94D
1278,Printer,Electronics,North,29253,5,3/26/2028,AD81-458F
1279,Headphones,Electronics,North,33862,3,3/27/2028,DD00-92BB
1280,Laptop,Electronics,South,23067,4,3/28/2028,3DBF-E552
1281,Table,Furniture,East,16835,1,3/29/2028,C14B-814C
1282,Desk,Furniture,South,24540,2,3/30/2028,1705-0DE5
1283,Desk,Furniture,West,,3,3/31/2028,0BEE-FC20
1284,Headphones,Electronics,East,66136,1,4/1/2028,7815-7CAF
1285,Headphones,Electronics,North,45013,3,4/2/2028,9404-5428
1286,Desk,Furniture,North,84584,5,4/3/2028,5F99-4E0B
1287,Printer,Electronics,South,14897,1,4/4/2028,B70F-B17D
1288,,,,,,4/5/2028,8CF5-DC74
1289,Phone,Electronics,West,86294,3,4/6/2028,11F9-3526
1290,Monitor,Electronics,West,73438,4,4/7/2028,054A-0B94
1291,Monitor,Electronics,South,68651,4,4/8/2028,3F9D-8094
1292,Phone,Electronics,South,98474,3,4/9/2028,F33A-9C7F
1293,Chair,Furniture,North,31601,1,4/10/2028,F991-17F5
1294,Table,Furniture,North,17570,3,4/11/2028,5F95-70A3
1295,Printer,Electronics,South,90694,4,4/12/2028,3CCD-CF5F
1296,Phone,Electronics,West,75343,3,4/13/2028,D5BA-1C8B
1297,Table,Furniture,North,80391,2,4/14/2028,1C86-C072
1298,Printer,Electronics,West,42236,5,4/15/2028,6064-D1F0
1299,Phone,Electronics,East,88386,3,4/16/2028,AD0D-E79F
1300,Laptop,Electronics,West,88130,5,4/17/2028,0375-2F04
1301,Printer,Electronics,North,59952,3,4/18/2028,D8FC-E2F7
1302,Monitor,Electronics,East,,4,4/19/2028,5C56-DA86
1303,Desk,Furniture,East,49546,3,4/20/2028,DFDC-286C
1304,Printer,Electronics,East,99418,1,4/21/2028,7985-EB3D
1305,Laptop,Electronics,West,29796,3,4/22/2028,0C54-705D
1306,Desk,Furniture,South,81938,2,4/23/2028,E529-A8FA
1307,Printer,Electronics,South,99426,2,4/24/2028,4DE2-9EB3
1308,Printer,Electronics,North,85370,3,4/25/2028,37DA-C03F
1309,Laptop,Electronics,North,17244,2,4/26/2028,A663-B3DF
1310,Chair,Furniture,South,85307,5,4/27/2028,F9D2-5579
1311,Phone,Electronics,West,50177,3,4/28/2028,0C5B-2EF4
1312,Desk,Furniture,North,25151,2,4/29/2028,C509-6E46
1313,Laptop,Electronics,North,61098,5,4/30/2028,7AA0-5766
1314,Chair,Furniture,North,31391,3,5/1/2028,8E8F-DDC8
1315,Headphones,Electronics,North,78352,5,5/2/2028,03D5-622D
1316,Table,Furniture,South,94066,1,5/3/2028,C28E-0CC3
1317,Headphones,Electronics,East,31510,4,5/4/2028,EB66-D679
1318,Printer,Electronics,West,75739,5,5/5/2028,BEBB-3E92
1319,Printer,Electronics,West,48196,2,5/6/2028,E911-EAF3
1320,Desk,Furniture,North,78982,5,5/7/2028,0602-02AB
1321,Printer,Electronics,North,78241,3,5/8/2028,860E-0FA9
1322,Phone,Electronics,East,46586,2,5/9/2028,7A98-768E
1323,Monitor,Electronics,East,66542,1,5/10/2028,A5CD-8AB8
1324,Printer,Electronics,West,83727,3,5/11/2028,4268-9EAD
1325,Printer,Electronics,North,29253,5,5/12/2028,B324-A703
1326,Headphones,Electronics,North,33862,3,5/13/2028,A12D-DAF8
1327,Laptop,Electronics,South,23067,4,5/14/2028,135D-DF79
1328,Table,Furniture,East,16835,1,5/15/2028,078A-E0F5
1329,Desk,Furniture,South,24540,2,5/16/2028,401F-CC71
1330,Desk,Furniture,West,35978,3,5/17/2028,141B-D354
1331,Headphones,Electronics,East,66136,1,5/18/2028,2EC6-E2E0
1332,Headphones,Electronics,North,45013,3,5/19/2028,9F17-01F4
1333,Desk,Furniture,North,84584,5,5/20/2028,93FF-A33D
1334,Printer,Electronics,South,14897,1,5/21/2028,FD1A-92C2
1335,Desk,Furniture,South,24540,2,5/22/2028,A687-74F8
1336,Desk,Furniture,West,35978,3,5/23/2028,ECDA-E9F0
1337,Headphones,Electronics,East,66136,1,5/24/2028,22C9-83A6
1338,Headphones,Electronics,North,45013,3,5/25/2028,F469-0427
1339,Desk,Furniture,North,84584,5,5/26/2028,3051-927B
1340,Printer,Electronics,South,14897,1,5/27/2028,1EA5-85A8
1341,,,,,,5/28/2028,E861-52CB
1342,Phone,Electronics,West,86294,3,5/29/2028,91C3-F892
1343,Monitor,Electronics,West,73438,4,5/30/2028,B6B9-E5BE
1344,Monitor,Electronics,South,68651,4,5/31/2028,5C28-D944
1345,Phone,Electronics,South,98474,3,6/1/2028,E8B6-8BAE
1346,Chair,Furniture,North,31601,1,6/2/2028,3A0A-B70A
1347,Table,Furniture,North,17570,3,6/3/2028,812D-7475
1348,Printer,Electronics,South,90694,4,6/4/2028,38D7-6BB9
1349,Phone,Electronics,West,75343,3,6/5/2028,28CA-379D
1350,Table,Furniture,North,80391,2,6/6/2028,7A23-F185
1351,Printer,Electronics,West,42236,5,6/7/2028,598D-E3B4
1352,Phone,Electronics,East,88386,3,6/8/2028,64C2-2806
1353,Laptop,Electronics,West,88130,5,6/9/2028,6BC3-7371
1354,Printer,Electronics,North,59952,3,6/10/2028,46E1-5086
1355,Monitor,Electronics,East,37119,4,6/11/2028,4626-5168
1356,Desk,Furniture,East,49546,3,6/12/2028,AA6C-B0D6
1357,Printer,Electronics,East,99418,1,6/13/2028,EFF6-9543
1358,Laptop,Electronics,West,29796,3,6/14/2028,56D1-790E
1359,Desk,Furniture,South,81938,2,6/15/2028,531D-788E
1360,Printer,Electronics,South,99426,2,6/16/2028,1480-131D
1361,Printer,Electronics,North,85370,3,6/17/2028,8700-828F
1362,Laptop,Electronics,North,17244,2,6/18/2028,9C71-61AE
1363,Chair,Furniture,South,85307,5,6/19/2028,B77D-2FBD
1364,Phone,Electronics,West,50177,3,6/20/2028,5A8A-1547
1365,Desk,Furniture,North,25151,2,6/21/2028,7CFC-C4DA
1366,Laptop,Electronics,North,61098,5,6/22/2028,A409-0113
1367,Chair,Furniture,North,31391,3,6/23/2028,543B-0EE5
1368,Headphones,Electronics,North,78352,5,6/24/2028,4795-4D3F
1369,Table,Furniture,South,94066,1,6/25/2028,BE54-B2AF
1370,Headphones,Electronics,East,31510,4,6/26/2028,2114-EC1F
1371,Printer,Electronics,West,75739,5,6/27/2028,CA98-86ED
1372,Printer,Electronics,West,48196,2,6/28/2028,5DBA-93C9
1373,Desk,Furniture,North,78982,5,6/29/2028,C3C0-349E
1374,Printer,Electronics,North,78241,3,6/30/2028,CAA0-3971
1375,Phone,Electronics,East,46586,2,7/1/2028,32F1-6903
1376,Monitor,Electronics,East,66542,1,7/2/2028,D186-CBF5
1377,Printer,Electronics,West,83727,3,7/3/2028,E681-7B57
1378,Printer,Electronics,North,29253,5,7/4/2028,14CF-051D
1379,Headphones,Electronics,North,33862,3,7/5/2028,6576-8773
1380,Laptop,Electronics,South,23067,4,7/6/2028,ECD4-3FF7
1381,Table,Furniture,East,16835,1,7/7/2028,B727-FCF9
1382,Desk,Furniture,South,24540,2,7/8/2028,26A0-5791
1383,Desk,Furniture,West,35978,3,7/9/2028,CF4C-5525
1384,Headphones,Electronics,East,66136,1,7/10/2028,F749-A0E8
1385,Headphones,Electronics,North,45013,3,7/11/2028,422B-53AC
1386,Desk,Furniture,North,84584,5,7/12/2028,AAD3-BCC1
1387,Printer,Electronics,South,14897,1,7/13/2028,F245-F338
1388,Desk,Furniture,South,24540,2,7/14/2028,921D-AE10
1389,Desk,Furniture,West,35978,3,7/15/2028,6280-B47F
1390,Headphones,Electronics,East,66136,1,7/16/2028,00E4-3D60
1391,Headphones,Electronics,North,45013,3,7/17/2028,E368-3CF3
1392,Desk,Furniture,North,84584,5,7/18/2028,7B84-8387
1393,Printer,Electronics,South,14897,1,7/19/2028,D380-A175
1394,,,,,,7/20/2028,078D-B654
1395,Phone,Electronics,West,86294,3,7/21/2028,F1A4-58F5
1396,Monitor,Electronics,West,73438,4,7/22/2028,D6AB-ED90
1397,Monitor,Electronics,South,68651,4,7/23/2028,0D92-C1D0
1398,Phone,Electronics,South,98474,3,7/24/2028,A3AE-B510
1399,Chair,Furniture,North,31601,1,7/25/2028,C1BA-AB7C
1400,Table,Furniture,North,17570,3,7/26/2028,FBAF-649F
1401,Printer,Electronics,South,90694,4,7/27/2028,F45B-1442
1402,Phone,Electronics,West,75343,3,7/28/2028,DB6C-3B2F
1403,Table,Furniture,North,80391,2,7/29/2028,DC50-0336
1404,Printer,Electronics,West,42236,5,7/30/2028,D051-2C2D
1405,Phone,Electronics,East,88386,3,7/31/2028,FC2A-4F21
1406,Laptop,Electronics,West,88130,5,8/1/2028,4044-F6D4
1407,Printer,Electronics,North,59952,3,8/2/2028,380E-44B4
1408,Monitor,Electronics,East,37119,4,8/3/2028,D8E6-5593
1409,Desk,Furniture,East,49546,3,8/4/2028,116F-33F1
1410,Printer,Electronics,East,99418,1,8/5/2028,D210-D451
1411,Laptop,Electronics,West,29796,3,8/6/2028,7ED6-BEC8
1412,Desk,Furniture,South,81938,2,8/7/2028,C4F7-E118
1413,Printer,Electronics,South,99426,2,8/8/2028,1268-3038
1414,Printer,Electronics,North,85370,3,8/9/2028,6725-A678
1415,Laptop,Electronics,North,17244,2,8/10/2028,5154-0F13
1416,Chair,Furniture,South,85307,5,8/11/2028,6135-885F
1417,Phone,Electronics,West,50177,3,8/12/2028,E496-0D9E
1418,Desk,Furniture,North,25151,2,8/13/2028,DC3D-9231
1419,Laptop,Electronics,North,61098,5,8/14/2028,CE47-9991
1420,Chair,Furniture,North,31391,3,8/15/2028,B140-AF36
1421,Headphones,Electronics,North,78352,5,8/16/2028,B684-6C98
1422,Table,Furniture,South,94066,1,8/17/2028,30CC-0FDE
1423,Headphones,Electronics,East,31510,4,8/18/2028,5E73-CE19
1424,Printer,Electronics,West,75739,5,8/19/2028,E442-5985
1425,Printer,Electronics,West,48196,2,8/20/2028,6614-06D8
1426,Desk,Furniture,North,78982,5,8/21/2028,372C-E204
1427,Printer,Electronics,North,78241,3,8/22/2028,A4FE-424E
1428,Phone,Electronics,East,46586,2,8/23/2028,6A2B-42DB
1429,Monitor,Electronics,East,66542,1,8/24/2028,5021-423E
1430,Printer,Electronics,West,83727,3,8/25/2028,E3B6-49F8
1431,Printer,Electronics,North,29253,5,8/26/2028,04D3-B8D3
1432,Headphones,Electronics,North,33862,3,8/27/2028,964B-0E97
1433,Laptop,Electronics,South,23067,4,8/28/2028,2BF6-ACD3
1434,Table,Furniture,East,16835,1,8/29/2028,6163-2BE8
1435,Desk,Furniture,South,24540,2,8/30/2028,5982-CF7A
1436,Desk,Furniture,West,35978,3,8/31/2028,6051-1F41
1437,Headphones,Electronics,East,66136,1,9/1/2028,63BF-A86A
1438,Headphones,Electronics,North,45013,3,9/2/2028,6D1C-BAF1
1439,Desk,Furniture,North,84584,5,9/3/2028,CE3C-15A7
1440,Printer,Electronics,South,14897,1,9/4/2028,4A5B-6102
1441,Desk,Furniture,South,24540,2,9/5/2028,018B-DF1E
1442,Desk,Furniture,West,35978,3,9/6/2028,611A-F218
1443,Headphones,Electronics,East,66136,1,9/7/2028,9C97-B634
1444,Headphones,Electronics,North,45013,3,9/8/2028,39A2-9B0A
1445,Desk,Furniture,North,84584,5,9/9/2028,C472-DAAD
1446,Printer,Electronics,South,14897,1,9/10/2028,3E4A-F28F
1447,,,,,,9/11/2028,1CB3-F7D7
1448,Phone,Electronics,West,86294,3,9/12/2028,F062-0B8F
1449,Monitor,Electronics,West,73438,4,9/13/2028,B005-602F
1450,Monitor,Electronics,South,68651,4,9/14/2028,A08B-F4B1
1451,Phone,Electronics,South,98474,3,9/15/2028,8695-09EC
1452,Chair,Furniture,North,31601,1,9/16/2028,7563-AFCC
1453,Table,Furniture,North,17570,3,9/17/2028,FF42-EA28
1454,Printer,Electronics,South,90694,4,9/18/2028,23B5-93C9
1455,Phone,Electronics,West,75343,3,9/19/2028,9160-043F
1456,Table,Furniture,North,80391,2,9/20/2028,45F9-3A37
1457,Printer,Electronics,West,42236,5,9/21/2028,542E-321D
1458,Phone,Electronics,East,88386,3,9/22/2028,06E8-4FD4
1459,Laptop,Electronics,West,88130,5,9/23/2028,06B1-2653
1460,Printer,Electronics,North,59952,3,9/24/2028,CB16-C876
1461,Monitor,Electronics,East,37119,4,9/25/2028,8A34-59DF
1462,Desk,Furniture,East,49546,3,9/26/2028,85B2-41F5
1463,Printer,Electronics,East,99418,1,9/27/2028,324B-F4DF
1464,Laptop,Electronics,West,29796,3,9/28/2028,8B55-CBEC
1465,Desk,Furniture,South,81938,2,9/29/2028,CABE-0B62
1466,Printer,Electronics,South,99426,2,9/30/2028,467E-977A
1467,Printer,Electronics,North,85370,3,10/1/2028,6FB9-A624
1468,Laptop,Electronics,North,17244,2,10/2/2028,EBF4-5928
1469,Chair,Furniture,South,85307,5,10/3/2028,60E6-B1D9
1470,Phone,Electronics,West,50177,3,10/4/2028,84D4-D4C3
1471,Printer,Electronics,North,59952,3,9/24/2028,CB16-C876
1472,Monitor,Electronics,East,37119,4,9/25/2028,8A34-59DF
1473,Desk,Furniture,East,49546,3,9/26/2028,85B2-41F5
1474,Printer,Electronics,East,99418,1,9/27/2028,324B-F4DF
1475,Laptop,Electronics,West,29796,3,9/28/2028,8B55-CBEC
1476,Desk,Furniture,South,81938,2,9/29/2028,CABE-0B62
1477,Printer,Electronics,South,99426,2,9/30/2028,467E-977A
1478,Printer,Electronics,North,85370,3,10/1/2028,6FB9-A624
1479,Laptop,Electronics,North,17244,2,10/2/2028,EBF4-5928
1480,Chair,Furniture,South,85307,5,10/3/2028,60E6-B1D9
1481,Phone,Electronics,West,50177,3,10/4/2028,84D4-D4C3
